[
  {
    "id" : "FHIRHelpers",
    "type" : "Library",
    "url" : "http://hl7.org/fhir/Library/FHIRHelpers",
    "version" : "0.1.0",
    "name" : "FHIRHelpers"
  },
  {
    "id" : "IMMZD2DTMeaslesCIMR",
    "type" : "ActivityDefinition",
    "url" : "http://smart.who.int/ig/smart-immunizations/ActivityDefinition/IMMZD2DTMeaslesCIMR",
    "version" : "0.1.0",
    "name" : "IMMZD2DTMeaslesContraindication"
  },
  {
    "id" : "IMMZD2DTMeaslesEval",
    "type" : "ActivityDefinition",
    "url" : "http://smart.who.int/ig/smart-immunizations/ActivityDefinition/IMMZD2DTMeaslesEval",
    "version" : "0.1.0",
    "name" : "IMMZD2DTMeaslesContraindicationEvaluation"
  },
  {
    "id" : "IMMZD2DTMeaslesMR",
    "type" : "ActivityDefinition",
    "url" : "http://smart.who.int/ig/smart-immunizations/ActivityDefinition/IMMZD2DTMeaslesMR",
    "version" : "0.1.0",
    "name" : "IMMZD2DTMeaslesMedicationRequest"
  },
  {
    "id" : "IMMZ.C",
    "type" : "CodeSystem",
    "url" : "http://smart.who.int/ig/smart-immunizations/CodeSystem/IMMZ.C",
    "version" : "0.1.0",
    "name" : "IMMZ_C"
  },
  {
    "id" : "IMMZ.D1",
    "type" : "CodeSystem",
    "url" : "http://smart.who.int/ig/smart-immunizations/CodeSystem/IMMZ.D1",
    "version" : "0.1.0",
    "name" : "IMMZ_D1"
  },
  {
    "id" : "IMMZ.D4",
    "type" : "CodeSystem",
    "url" : "http://smart.who.int/ig/smart-immunizations/CodeSystem/IMMZ.D4",
    "version" : "0.1.0",
    "name" : "IMMZ_D4"
  },
  {
    "id" : "IMMZ.C.ConceptMap",
    "type" : "ConceptMap",
    "url" : "http://smart.who.int/ig/smart-immunizations/ConceptMap/IMMZ.C.ConceptMap",
    "version" : "0.1.0",
    "name" : "IMMZ_C_ConceptMap"
  },
  {
    "id" : "IMMZ.C.SexToAdministrativeGender",
    "type" : "ConceptMap",
    "url" : "http://smart.who.int/ig/smart-immunizations/ConceptMap/IMMZ.C.SexToAdministrativeGender",
    "version" : "0.1.0",
    "name" : "IMMZ_C_SexToAdministrativeGender"
  },
  {
    "id" : "IMMZ.D1.ConceptMap",
    "type" : "ConceptMap",
    "url" : "http://smart.who.int/ig/smart-immunizations/ConceptMap/IMMZ.D1.ConceptMap",
    "version" : "0.1.0",
    "name" : "IMMZ_D1_ConceptMap"
  },
  {
    "id" : "IMMZ.D4.ConceptMap",
    "type" : "ConceptMap",
    "url" : "http://smart.who.int/ig/smart-immunizations/ConceptMap/IMMZ.D4.ConceptMap",
    "version" : "0.1.0",
    "name" : "IMMZ_D4_ConceptMap"
  },
  {
    "id" : "who.fhir.immunization",
    "type" : "ImplementationGuide",
    "url" : "http://smart.who.int/ig/smart-immunizations/ImplementationGuide/fhir.who.immunization",
    "version" : "0.1.0",
    "name" : "Immunization"
  },
  {
    "id" : "FHIRCommon",
    "type" : "Library",
    "url" : "http://smart.who.int/ig/smart-immunizations/Library/FHIRCommon",
    "version" : "0.1.0",
    "name" : "FHIRCommon"
  },
  {
    "id" : "IMMZCommon",
    "type" : "Library",
    "url" : "http://smart.who.int/ig/smart-immunizations/Library/IMMZCommon",
    "version" : "0.1.0",
    "name" : "IMMZCommon"
  },
  {
    "id" : "IMMZCommonIzDataElements",
    "type" : "Library",
    "url" : "http://smart.who.int/ig/smart-immunizations/Library/IMMZCommonIzDataElements",
    "version" : "0.1.0",
    "name" : "IMMZCommonIzDataElements"
  },
  {
    "id" : "IMMZConcepts",
    "type" : "Library",
    "url" : "http://smart.who.int/ig/smart-immunizations/Library/IMMZConcepts",
    "version" : "0.1.0",
    "name" : "IMMZConcepts"
  },
  {
    "id" : "IMMZConfig",
    "type" : "Library",
    "url" : "http://smart.who.int/ig/smart-immunizations/Library/IMMZConfig",
    "version" : "0.1.0",
    "name" : "IMMZConfig"
  },
  {
    "id" : "IMMZD2DTMeasles",
    "type" : "Library",
    "url" : "http://smart.who.int/ig/smart-immunizations/Library/IMMZD2DTMeasles",
    "version" : "0.1.0",
    "name" : "IMMZD2DTMeasles"
  },
  {
    "id" : "IMMZINDMeasles",
    "type" : "Library",
    "url" : "http://smart.who.int/ig/smart-immunizations/Library/IMMZINDMeasles",
    "version" : "0.1.0",
    "name" : "IMMZINDMeasles"
  },
  {
    "id" : "IMMZIndicatorCommon",
    "type" : "Library",
    "url" : "http://smart.who.int/ig/smart-immunizations/Library/IMMZIndicatorCommon",
    "version" : "0.1.0",
    "name" : "IMMZIndicatorCommon"
  },
  {
    "id" : "IMMZVaccineLibrary",
    "type" : "Library",
    "url" : "http://smart.who.int/ig/smart-immunizations/Library/IMMZVaccineLibrary",
    "version" : "0.1.0",
    "name" : "IMMZVaccineLibrary"
  },
  {
    "id" : "WHOCommon",
    "type" : "Library",
    "url" : "http://smart.who.int/ig/smart-immunizations/Library/WHOCommon",
    "version" : "0.1.0",
    "name" : "WHOCommon"
  },
  {
    "id" : "WHOConcepts",
    "type" : "Library",
    "url" : "http://smart.who.int/ig/smart-immunizations/Library/WHOConcepts",
    "version" : "0.1.0",
    "name" : "WHOConcepts"
  },
  {
    "id" : "IMMZIND05",
    "type" : "Measure",
    "url" : "http://smart.who.int/ig/smart-immunizations/Measure/IMMZIND05",
    "version" : "0.1.0",
    "name" : "IMMZIND05"
  },
  {
    "id" : "IMMZIND40",
    "type" : "Measure",
    "url" : "http://smart.who.int/ig/smart-immunizations/Measure/IMMZIND40",
    "version" : "0.1.0",
    "name" : "IMMZIND40"
  },
  {
    "id" : "IMMZD2DTMeasles",
    "type" : "PlanDefinition",
    "url" : "http://smart.who.int/ig/smart-immunizations/PlanDefinition/IMMZD2DTMeasles",
    "version" : "0.1.0",
    "name" : "IMMZD2DTMeasles"
  },
  {
    "id" : "IMMZD2DTMeaslesCI",
    "type" : "PlanDefinition",
    "url" : "http://smart.who.int/ig/smart-immunizations/PlanDefinition/IMMZD2DTMeaslesCI",
    "version" : "0.1.0",
    "name" : "IMMZD2DTMeaslesContraindication"
  },
  {
    "id" : "IMMZDTUmbrella",
    "type" : "PlanDefinition",
    "url" : "http://smart.who.int/ig/smart-immunizations/PlanDefinition/IMMZDTUmbrella",
    "version" : "0.1.0",
    "name" : "IMMZDTUmbrella"
  },
  {
    "id" : "IMMZD1ClientHistoryMeasles",
    "type" : "Questionnaire",
    "url" : "http://smart.who.int/ig/smart-immunizations/Questionnaire/IMMZD1ClientHistoryMeasles",
    "version" : "0.1.0"
  },
  {
    "id" : "QIMMZCRegisterClient",
    "type" : "Questionnaire",
    "url" : "http://smart.who.int/ig/smart-immunizations/Questionnaire/QIMMZCRegisterClient",
    "version" : "0.1.0"
  },
  {
    "id" : "QIMMZD4CheckContraindicationsMeasles",
    "type" : "Questionnaire",
    "url" : "http://smart.who.int/ig/smart-immunizations/Questionnaire/QIMMZD4CheckContraindicationsMeasles",
    "version" : "0.1.0"
  },
  {
    "id" : "IMMZCRegisterClient",
    "type" : "StructureDefinition",
    "url" : "http://smart.who.int/ig/smart-immunizations/StructureDefinition/IMMZCRegisterClient",
    "version" : "0.1.0",
    "name" : "IMMZ_C_Register_Client"
  },
  {
    "id" : "IMMZD1ClientHistoryMeasles",
    "type" : "StructureDefinition",
    "url" : "http://smart.who.int/ig/smart-immunizations/StructureDefinition/IMMZD1ClientHistoryMeasles",
    "version" : "0.1.0",
    "name" : "IMMZ_D1_Client_History_Measles"
  },
  {
    "id" : "IMMZD4CheckContraindicationsMeasles",
    "type" : "StructureDefinition",
    "url" : "http://smart.who.int/ig/smart-immunizations/StructureDefinition/IMMZD4CheckContraindicationsMeasles",
    "version" : "0.1.0",
    "name" : "IMMZ_D4_Check_Contraindications_Measles"
  },
  {
    "id" : "IMMZCLMToPatient",
    "type" : "StructureMap",
    "url" : "http://smart.who.int/ig/smart-immunizations/StructureMap/IMMZCLMToPatient",
    "version" : "0.1.0",
    "name" : "IMMZCLMToPatient"
  },
  {
    "id" : "IMMZCQRToLM",
    "type" : "StructureMap",
    "url" : "http://smart.who.int/ig/smart-immunizations/StructureMap/IMMZCQRToLM",
    "version" : "0.1.0",
    "name" : "IMMZCQRToLM"
  },
  {
    "id" : "IMMZCQRToPatient",
    "type" : "StructureMap",
    "url" : "http://smart.who.int/ig/smart-immunizations/StructureMap/IMMZCQRToPatient",
    "version" : "0.1.0",
    "name" : "IMMZCQRToPatient"
  },
  {
    "id" : "IMMZD1LMToResources",
    "type" : "StructureMap",
    "url" : "http://smart.who.int/ig/smart-immunizations/StructureMap/IMMZD1LMToResources",
    "version" : "0.1.0",
    "name" : "IMMZD1LMToResources"
  },
  {
    "id" : "IMMZD1QRToLM",
    "type" : "StructureMap",
    "url" : "http://smart.who.int/ig/smart-immunizations/StructureMap/IMMZD1QRToLM",
    "version" : "0.1.0",
    "name" : "IMMZD1QRToLM"
  },
  {
    "id" : "IMMZD1QRToResources",
    "type" : "StructureMap",
    "url" : "http://smart.who.int/ig/smart-immunizations/StructureMap/IMMZD1QRToResources",
    "version" : "0.1.0",
    "name" : "IMMZD1QRToResources"
  },
  {
    "id" : "IMMZD4LMToResources",
    "type" : "StructureMap",
    "url" : "http://smart.who.int/ig/smart-immunizations/StructureMap/IMMZD4LMToResources",
    "version" : "0.1.0",
    "name" : "IMMZD4LMToResources"
  },
  {
    "id" : "IMMZD4QRToLM",
    "type" : "StructureMap",
    "url" : "http://smart.who.int/ig/smart-immunizations/StructureMap/IMMZD4QRToLM",
    "version" : "0.1.0",
    "name" : "IMMZD4QRToLM"
  },
  {
    "id" : "IMMZD4QRToResources",
    "type" : "StructureMap",
    "url" : "http://smart.who.int/ig/smart-immunizations/StructureMap/IMMZD4QRToResources",
    "version" : "0.1.0",
    "name" : "IMMZD4QRToResources"
  },
  {
    "id" : "ARVDrugs-values",
    "type" : "ValueSet",
    "url" : "http://smart.who.int/ig/smart-immunizations/ValueSet/ARVDrugs-values",
    "version" : "0.1.0",
    "name" : "ARVDrugsvalues"
  },
  {
    "id" : "Birthweight-values",
    "type" : "ValueSet",
    "url" : "http://smart.who.int/ig/smart-immunizations/ValueSet/Birthweight-values",
    "version" : "0.1.0",
    "name" : "Birthweightvalues"
  },
  {
    "id" : "HIVstatus-values",
    "type" : "ValueSet",
    "url" : "http://smart.who.int/ig/smart-immunizations/ValueSet/HIVstatus-values",
    "version" : "0.1.0",
    "name" : "HIVstatusvalues"
  },
  {
    "id" : "IMMZ.C.DE5",
    "type" : "ValueSet",
    "url" : "http://smart.who.int/ig/smart-immunizations/ValueSet/IMMZ.C.DE5",
    "version" : "0.1.0",
    "name" : "IMMZ_C_DE5"
  },
  {
    "id" : "IMMZ.D1.DE10",
    "type" : "ValueSet",
    "url" : "http://smart.who.int/ig/smart-immunizations/ValueSet/IMMZ.D1.DE10",
    "version" : "0.1.0",
    "name" : "IMMZ_D1_DE10"
  },
  {
    "id" : "IMMZ.D4.DE161",
    "type" : "ValueSet",
    "url" : "http://smart.who.int/ig/smart-immunizations/ValueSet/IMMZ.D4.DE161",
    "version" : "0.1.0",
    "name" : "IMMZ_D4_DE161"
  },
  {
    "id" : "IMMZ.Z.DE9",
    "type" : "ValueSet",
    "url" : "http://smart.who.int/ig/smart-immunizations/ValueSet/IMMZ.Z.DE9",
    "version" : "0.1.0",
    "name" : "IMMZ_Z_DE9"
  },
  {
    "id" : "Immunocompromised-values",
    "type" : "ValueSet",
    "url" : "http://smart.who.int/ig/smart-immunizations/ValueSet/Immunocompromised-values",
    "version" : "0.1.0",
    "name" : "Immunocompromisedvalues"
  },
  {
    "id" : "LiveAttenuatedVaccines",
    "type" : "ValueSet",
    "url" : "http://smart.who.int/ig/smart-immunizations/ValueSet/LiveAttenuatedVaccines",
    "version" : "0.1.0",
    "name" : "LiveAttenuatedVaccines"
  },
  {
    "id" : "Negativetestresult-values",
    "type" : "ValueSet",
    "url" : "http://smart.who.int/ig/smart-immunizations/ValueSet/Negativetestresult-values",
    "version" : "0.1.0",
    "name" : "Negativetestresultvalues"
  },
  {
    "id" : "PositiveTestResult-values",
    "type" : "ValueSet",
    "url" : "http://smart.who.int/ig/smart-immunizations/ValueSet/PositiveTestResult-values",
    "version" : "0.1.0",
    "name" : "PositiveTestResultvalues"
  }
]
