{
  "resourceType" : "Bundle",
  "id" : "3ecedf20-b0eb-4b63-b5ac-784a63f43aee",
  "meta" : {
    "lastUpdated" : "2023-10-22T12:58:20.559+00:00"
  },
  "type" : "collection",
  "entry" : [{
    "fullUrl" : "http://smart.who.int/ig/smart-immunizations/ValueSet/IMMZ.D1.DE10",
    "resource" : {
      "resourceType" : "ValueSet",
      "text" : {
        "status" : "generated",
        "div" : "<div xmlns=\"http://www.w3.org/1999/xhtml\"><p>This value set contains 3 concepts</p><p style=\"border: black 1px dotted; background-color: #EEEEEE; padding: 8px; margin-bottom: 8px\">Expansion based on <a href=\"CodeSystem-IMMZ.D1.html\">codesystem IMMZ.D1 CodeSystem for Data Elements v0.1.0 (CodeSystem)</a></p><table class=\"codes\"><tr><td style=\"white-space:nowrap\"><b>Code</b></td><td><b>System</b></td><td><b>Display</b></td><td><b>Definition</b></td></tr><tr><td style=\"white-space:nowrap\"><a name=\"http---smart.who.int-ig-smart-immunizations-CodeSystem-IMMZ.D1-DE11\"> </a>\u00a0\u00a0<a href=\"CodeSystem-IMMZ.D1.html#IMMZ.D1-DE11\">DE11</a></td><td>http://smart.who.int/ig/smart-immunizations/CodeSystem/IMMZ.D1</td><td>HIV-positive</td><td><div><p>The client is known to be HIV positive</p>\n</div></td></tr><tr><td style=\"white-space:nowrap\"><a name=\"http---smart.who.int-ig-smart-immunizations-CodeSystem-IMMZ.D1-DE12\"> </a>\u00a0\u00a0<a href=\"CodeSystem-IMMZ.D1.html#IMMZ.D1-DE12\">DE12</a></td><td>http://smart.who.int/ig/smart-immunizations/CodeSystem/IMMZ.D1</td><td>HIV-negative</td><td><div><p>The client is known to be HIV negative</p>\n</div></td></tr><tr><td style=\"white-space:nowrap\"><a name=\"http---smart.who.int-ig-smart-immunizations-CodeSystem-IMMZ.D1-DE13\"> </a>\u00a0\u00a0<a href=\"CodeSystem-IMMZ.D1.html#IMMZ.D1-DE13\">DE13</a></td><td>http://smart.who.int/ig/smart-immunizations/CodeSystem/IMMZ.D1</td><td>Unknown</td><td><div><p>The client's HIV status is unknown</p>\n</div></td></tr></table></div>"
      },
      "url" : "http://smart.who.int/ig/smart-immunizations/ValueSet/IMMZ.D1.DE10",
      "version" : "0.1.0",
      "name" : "IMMZ_D1_DE10",
      "title" : "IMMZ.D1.DE10 ValueSet for HIV Status",
      "status" : "active",
      "expansion" : {
        "identifier" : "urn:uuid:74cf1905-7879-4780-bcbf-2f404bd05d5e",
        "timestamp" : "2023-10-22T12:59:43+00:00",
        "total" : 3,
        "parameter" : [{
          "name" : "excludeNested",
          "valueBoolean" : false
        },
        {
          "name" : "warning-draft",
          "valueUri" : "http://smart.who.int/ig/smart-immunizations/CodeSystem/IMMZ.D1|0.1.0"
        },
        {
          "name" : "used-codesystem",
          "valueUri" : "http://smart.who.int/ig/smart-immunizations/CodeSystem/IMMZ.D1|0.1.0"
        }],
        "contains" : [{
          "system" : "http://smart.who.int/ig/smart-immunizations/CodeSystem/IMMZ.D1",
          "code" : "DE11",
          "display" : "HIV-positive"
        },
        {
          "system" : "http://smart.who.int/ig/smart-immunizations/CodeSystem/IMMZ.D1",
          "code" : "DE12",
          "display" : "HIV-negative"
        },
        {
          "system" : "http://smart.who.int/ig/smart-immunizations/CodeSystem/IMMZ.D1",
          "code" : "DE13",
          "display" : "Unknown"
        }]
      }
    }
  },
  {
    "fullUrl" : "http://smart.who.int/ig/smart-immunizations/ValueSet/IMMZ.C.DE5",
    "resource" : {
      "resourceType" : "ValueSet",
      "text" : {
        "status" : "generated",
        "div" : "<div xmlns=\"http://www.w3.org/1999/xhtml\"><p>This value set contains 4 concepts</p><p style=\"border: black 1px dotted; background-color: #EEEEEE; padding: 8px; margin-bottom: 8px\">Expansion based on <a href=\"CodeSystem-IMMZ.C.html\">codesystem IMMZ.C CodeSystem for Data Elements v0.1.0 (CodeSystem)</a></p><table class=\"codes\"><tr><td style=\"white-space:nowrap\"><b>Code</b></td><td><b>System</b></td><td><b>Display</b></td><td><b>Definition</b></td></tr><tr><td style=\"white-space:nowrap\"><a name=\"http---smart.who.int-ig-smart-immunizations-CodeSystem-IMMZ.C-DE6\"> </a>\u00a0\u00a0<a href=\"CodeSystem-IMMZ.C.html#IMMZ.C-DE6\">DE6</a></td><td>http://smart.who.int/ig/smart-immunizations/CodeSystem/IMMZ.C</td><td>Male</td><td><div><p>Client's biological sex is male</p>\n</div></td></tr><tr><td style=\"white-space:nowrap\"><a name=\"http---smart.who.int-ig-smart-immunizations-CodeSystem-IMMZ.C-DE7\"> </a>\u00a0\u00a0<a href=\"CodeSystem-IMMZ.C.html#IMMZ.C-DE7\">DE7</a></td><td>http://smart.who.int/ig/smart-immunizations/CodeSystem/IMMZ.C</td><td>Female</td><td><div><p>Client's biological sex is female</p>\n</div></td></tr><tr><td style=\"white-space:nowrap\"><a name=\"http---smart.who.int-ig-smart-immunizations-CodeSystem-IMMZ.C-DE8\"> </a>\u00a0\u00a0<a href=\"CodeSystem-IMMZ.C.html#IMMZ.C-DE8\">DE8</a></td><td>http://smart.who.int/ig/smart-immunizations/CodeSystem/IMMZ.C</td><td>Biological sex not specified</td><td><div><p>Client's biological sex is not specified</p>\n</div></td></tr><tr><td style=\"white-space:nowrap\"><a name=\"http---smart.who.int-ig-smart-immunizations-CodeSystem-IMMZ.C-DE9\"> </a>\u00a0\u00a0<a href=\"CodeSystem-IMMZ.C.html#IMMZ.C-DE9\">DE9</a></td><td>http://smart.who.int/ig/smart-immunizations/CodeSystem/IMMZ.C</td><td>Intersex</td><td><div><p>Client's biological sex is intersex</p>\n</div></td></tr></table></div>"
      },
      "url" : "http://smart.who.int/ig/smart-immunizations/ValueSet/IMMZ.C.DE5",
      "version" : "0.1.0",
      "name" : "IMMZ_C_DE5",
      "title" : "IMMZ.C.DE5 ValueSet for Sex",
      "status" : "active",
      "expansion" : {
        "identifier" : "urn:uuid:7c011f4e-c788-4e39-a0b6-fe5f7f38ffd7",
        "timestamp" : "2023-10-22T12:59:43+00:00",
        "total" : 4,
        "parameter" : [{
          "name" : "excludeNested",
          "valueBoolean" : false
        },
        {
          "name" : "warning-draft",
          "valueUri" : "http://smart.who.int/ig/smart-immunizations/CodeSystem/IMMZ.C|0.1.0"
        },
        {
          "name" : "used-codesystem",
          "valueUri" : "http://smart.who.int/ig/smart-immunizations/CodeSystem/IMMZ.C|0.1.0"
        }],
        "contains" : [{
          "system" : "http://smart.who.int/ig/smart-immunizations/CodeSystem/IMMZ.C",
          "code" : "DE6",
          "display" : "Male"
        },
        {
          "system" : "http://smart.who.int/ig/smart-immunizations/CodeSystem/IMMZ.C",
          "code" : "DE7",
          "display" : "Female"
        },
        {
          "system" : "http://smart.who.int/ig/smart-immunizations/CodeSystem/IMMZ.C",
          "code" : "DE8",
          "display" : "Biological sex not specified"
        },
        {
          "system" : "http://smart.who.int/ig/smart-immunizations/CodeSystem/IMMZ.C",
          "code" : "DE9",
          "display" : "Intersex"
        }]
      }
    }
  },
  {
    "fullUrl" : "http://smart.who.int/ig/smart-immunizations/ValueSet/IMMZ.D4.DE161",
    "resource" : {
      "resourceType" : "ValueSet",
      "text" : {
        "status" : "generated",
        "div" : "<div xmlns=\"http://www.w3.org/1999/xhtml\"><p>This value set contains 5 concepts</p><p style=\"border: black 1px dotted; background-color: #EEEEEE; padding: 8px; margin-bottom: 8px\">Expansion based on <a href=\"CodeSystem-IMMZ.D4.html\">codesystem IMMZ.D4 CodeSystem for Check Contraindications Data Elements v0.1.0 (CodeSystem)</a></p><table class=\"codes\"><tr><td style=\"white-space:nowrap\"><b>Code</b></td><td><b>System</b></td><td><b>Display</b></td><td><b>Definition</b></td></tr><tr><td style=\"white-space:nowrap\"><a name=\"http---smart.who.int-ig-smart-immunizations-CodeSystem-IMMZ.D4-DE162\"> </a>\u00a0\u00a0<a href=\"CodeSystem-IMMZ.D4.html#IMMZ.D4-DE162\">DE162</a></td><td>http://smart.who.int/ig/smart-immunizations/CodeSystem/IMMZ.D4</td><td>Currently pregnant</td><td><div><p>The client is currently pregnant</p>\n</div></td></tr><tr><td style=\"white-space:nowrap\"><a name=\"http---smart.who.int-ig-smart-immunizations-CodeSystem-IMMZ.D4-DE165\"> </a>\u00a0\u00a0<a href=\"CodeSystem-IMMZ.D4.html#IMMZ.D4-DE165\">DE165</a></td><td>http://smart.who.int/ig/smart-immunizations/CodeSystem/IMMZ.D4</td><td>Severely immunosuppressed</td><td><div><p>The client is known to be severely immunocompromised or immunosuppressed</p>\n</div></td></tr><tr><td style=\"white-space:nowrap\"><a name=\"http---smart.who.int-ig-smart-immunizations-CodeSystem-IMMZ.D4-DE166\"> </a>\u00a0\u00a0<a href=\"CodeSystem-IMMZ.D4.html#IMMZ.D4-DE166\">DE166</a></td><td>http://smart.who.int/ig/smart-immunizations/CodeSystem/IMMZ.D4</td><td>History of anaphylactic reactions</td><td><div><p>The client is known to have history of anaphylaxis in the past. Anaphylaxis is a severe and potentially life-threatening allergic reaction that can occur rapidly after exposure to an allergen or vaccine component.</p>\n</div></td></tr><tr><td style=\"white-space:nowrap\"><a name=\"http---smart.who.int-ig-smart-immunizations-CodeSystem-IMMZ.D4-DE167\"> </a>\u00a0\u00a0<a href=\"CodeSystem-IMMZ.D4.html#IMMZ.D4-DE167\">DE167</a></td><td>http://smart.who.int/ig/smart-immunizations/CodeSystem/IMMZ.D4</td><td>Severe allergic reactions</td><td><div><p>The client is known to have severe allergic reaction to vaccine</p>\n</div></td></tr><tr><td style=\"white-space:nowrap\"><a name=\"http---smart.who.int-ig-smart-immunizations-CodeSystem-IMMZ.D4-DE168\"> </a>\u00a0\u00a0<a href=\"CodeSystem-IMMZ.D4.html#IMMZ.D4-DE168\">DE168</a></td><td>http://smart.who.int/ig/smart-immunizations/CodeSystem/IMMZ.D4</td><td>Symptomatic HIV infection</td><td><div><p>The client is experiencing HIV-related symptoms</p>\n</div></td></tr></table></div>"
      },
      "url" : "http://smart.who.int/ig/smart-immunizations/ValueSet/IMMZ.D4.DE161",
      "version" : "0.1.0",
      "name" : "IMMZ_D4_DE161",
      "title" : "IMMZ.D4.DE161 ValueSet for Potential Contraindications",
      "status" : "active",
      "expansion" : {
        "identifier" : "urn:uuid:faa1e4df-7386-4ca3-b8d0-da450d5fa8ce",
        "timestamp" : "2023-10-22T12:59:43+00:00",
        "total" : 5,
        "parameter" : [{
          "name" : "excludeNested",
          "valueBoolean" : false
        },
        {
          "name" : "warning-draft",
          "valueUri" : "http://smart.who.int/ig/smart-immunizations/CodeSystem/IMMZ.D4|0.1.0"
        },
        {
          "name" : "used-codesystem",
          "valueUri" : "http://smart.who.int/ig/smart-immunizations/CodeSystem/IMMZ.D4|0.1.0"
        }],
        "contains" : [{
          "system" : "http://smart.who.int/ig/smart-immunizations/CodeSystem/IMMZ.D4",
          "code" : "DE162",
          "display" : "Currently pregnant"
        },
        {
          "system" : "http://smart.who.int/ig/smart-immunizations/CodeSystem/IMMZ.D4",
          "code" : "DE165",
          "display" : "Severely immunosuppressed"
        },
        {
          "system" : "http://smart.who.int/ig/smart-immunizations/CodeSystem/IMMZ.D4",
          "code" : "DE166",
          "display" : "History of anaphylactic reactions"
        },
        {
          "system" : "http://smart.who.int/ig/smart-immunizations/CodeSystem/IMMZ.D4",
          "code" : "DE167",
          "display" : "Severe allergic reactions"
        },
        {
          "system" : "http://smart.who.int/ig/smart-immunizations/CodeSystem/IMMZ.D4",
          "code" : "DE168",
          "display" : "Symptomatic HIV infection"
        }]
      }
    }
  },
  {
    "fullUrl" : "http://smart.who.int/ig/smart-immunizations/ValueSet/ARVDrugs-values",
    "resource" : {
      "resourceType" : "ValueSet",
      "text" : {
        "status" : "generated",
        "div" : "<div xmlns=\"http://www.w3.org/1999/xhtml\"><p>This value set contains 2 concepts</p><div style=\"border: black 1px dotted; background-color: #EEEEEE; padding: 8px; margin-bottom: 8px\"><p>Expansion based on: </p><ul><li>SNOMED CT International edition 01-Sep 2023</li><li>SNOMED CT International edition 01-Sep 2023</li></ul></div><table class=\"codes\"><tr><td style=\"white-space:nowrap\"><b>Code</b></td><td><b>System</b></td><td><b>Display</b></td></tr><tr><td style=\"white-space:nowrap\"><a name=\"http---snomed.info-sct-713540004\"> </a>\u00a0\u00a0<a href=\"http://snomed.info/id/713540004\">713540004</a></td><td>http://snomed.info/sct</td><td>Substance with antiretroviral mechanism of action (substance)</td></tr><tr><td style=\"white-space:nowrap\"><a name=\"http---snomed.info-sct-788075003\"> </a>\u00a0\u00a0<a href=\"http://snomed.info/id/788075003\">788075003</a></td><td>http://snomed.info/sct</td><td>Medicinal product acting as antiretroviral agent (product)</td></tr></table></div>"
      },
      "url" : "http://smart.who.int/ig/smart-immunizations/ValueSet/ARVDrugs-values",
      "version" : "0.1.0",
      "name" : "ARVDrugsvalues",
      "title" : "ARV Drugs values",
      "status" : "draft",
      "experimental" : false,
      "date" : "2023-10-22T12:58:20+00:00",
      "jurisdiction" : [{
        "coding" : [{
          "system" : "http://unstats.un.org/unsd/methods/m49/m49.htm",
          "code" : "001"
        }]
      }],
      "immutable" : true,
      "expansion" : {
        "identifier" : "urn:uuid:aedf0a2f-d404-410f-9a7a-518af888d15f",
        "timestamp" : "2023-10-22T12:59:46+00:00",
        "total" : 2,
        "parameter" : [{
          "name" : "excludeNested",
          "valueBoolean" : false
        },
        {
          "name" : "used-valueset",
          "valueUri" : "null"
        },
        {
          "name" : "limitedExpansion",
          "valueBoolean" : true
        },
        {
          "name" : "used-codesystem",
          "valueUri" : "http://snomed.info/sct|http://snomed.info/sct/900000000000207008/version/20230901"
        },
        {
          "name" : "version",
          "valueUri" : "http://snomed.info/sct|http://snomed.info/sct/900000000000207008/version/20230901"
        }],
        "contains" : [{
          "system" : "http://snomed.info/sct",
          "code" : "713540004",
          "display" : "Substance with antiretroviral mechanism of action (substance)"
        },
        {
          "system" : "http://snomed.info/sct",
          "code" : "788075003",
          "display" : "Medicinal product acting as antiretroviral agent (product)"
        }]
      }
    }
  },
  {
    "fullUrl" : "http://smart.who.int/ig/smart-immunizations/ValueSet/Birthweight-values",
    "resource" : {
      "resourceType" : "ValueSet",
      "text" : {
        "status" : "generated",
        "div" : "<div xmlns=\"http://www.w3.org/1999/xhtml\"><p>This value set contains 3 concepts</p><div style=\"border: black 1px dotted; background-color: #EEEEEE; padding: 8px; margin-bottom: 8px\"><p>Expansion based on: </p><ul><li>Loinc v2.74</li><li>SNOMED CT International edition 01-Sep 2023</li><li>Loinc v2.74</li><li>SNOMED CT International edition 01-Sep 2023</li></ul></div><table class=\"codes\"><tr><td style=\"white-space:nowrap\"><b>Code</b></td><td><b>System</b></td><td><b>Display</b></td></tr><tr><td style=\"white-space:nowrap\"><a name=\"http---snomed.info-sct-276610007\"> </a>\u00a0\u00a0<a href=\"http://snomed.info/id/276610007\">276610007</a></td><td>http://snomed.info/sct</td><td>Birthweight</td></tr><tr><td style=\"white-space:nowrap\"><a name=\"http---loinc.org-8339-4\"> </a>\u00a0\u00a0<a href=\"https://loinc.org/8339-4/\">8339-4</a></td><td>http://loinc.org</td><td>Birth weight Measured</td></tr><tr><td style=\"white-space:nowrap\"><a name=\"http---loinc.org-56056-5\"> </a>\u00a0\u00a0<a href=\"https://loinc.org/56056-5/\">56056-5</a></td><td>http://loinc.org</td><td>Birth weight - Reported</td></tr></table></div>"
      },
      "url" : "http://smart.who.int/ig/smart-immunizations/ValueSet/Birthweight-values",
      "version" : "0.1.0",
      "name" : "Birthweightvalues",
      "title" : "Birthweight valueset",
      "status" : "draft",
      "experimental" : false,
      "date" : "2023-10-22T12:58:20+00:00",
      "jurisdiction" : [{
        "coding" : [{
          "system" : "http://unstats.un.org/unsd/methods/m49/m49.htm",
          "code" : "001"
        }]
      }],
      "immutable" : true,
      "expansion" : {
        "identifier" : "urn:uuid:b18ed5ec-6356-4943-bf41-6e844c9feb5b",
        "timestamp" : "2023-10-22T12:59:46+00:00",
        "total" : 3,
        "parameter" : [{
          "name" : "excludeNested",
          "valueBoolean" : false
        },
        {
          "name" : "used-valueset",
          "valueUri" : "null"
        },
        {
          "name" : "limitedExpansion",
          "valueBoolean" : true
        },
        {
          "name" : "used-codesystem",
          "valueUri" : "http://snomed.info/sct|http://snomed.info/sct/900000000000207008/version/20230901"
        },
        {
          "name" : "version",
          "valueUri" : "http://snomed.info/sct|http://snomed.info/sct/900000000000207008/version/20230901"
        },
        {
          "name" : "excludeNested",
          "valueBoolean" : true
        },
        {
          "name" : "used-codesystem",
          "valueUri" : "http://loinc.org|2.74"
        },
        {
          "name" : "version",
          "valueUri" : "http://loinc.org|2.74"
        }],
        "contains" : [{
          "system" : "http://snomed.info/sct",
          "code" : "276610007",
          "display" : "Birthweight"
        },
        {
          "system" : "http://loinc.org",
          "code" : "8339-4",
          "display" : "Birth weight Measured"
        },
        {
          "system" : "http://loinc.org",
          "code" : "56056-5",
          "display" : "Birth weight - Reported"
        }]
      }
    }
  },
  {
    "fullUrl" : "http://smart.who.int/ig/smart-immunizations/ValueSet/IMMZ.C.DE5",
    "resource" : {
      "resourceType" : "ValueSet",
      "text" : {
        "status" : "generated",
        "div" : "<div xmlns=\"http://www.w3.org/1999/xhtml\"><p>This value set contains 4 concepts</p><p style=\"border: black 1px dotted; background-color: #EEEEEE; padding: 8px; margin-bottom: 8px\">Expansion based on <a href=\"CodeSystem-IMMZ.C.html\">codesystem IMMZ.C CodeSystem for Data Elements v0.1.0 (CodeSystem)</a></p><table class=\"codes\"><tr><td style=\"white-space:nowrap\"><b>Code</b></td><td><b>System</b></td><td><b>Display</b></td><td><b>Definition</b></td></tr><tr><td style=\"white-space:nowrap\"><a name=\"http---smart.who.int-ig-smart-immunizations-CodeSystem-IMMZ.C-DE6\"> </a>\u00a0\u00a0<a href=\"CodeSystem-IMMZ.C.html#IMMZ.C-DE6\">DE6</a></td><td>http://smart.who.int/ig/smart-immunizations/CodeSystem/IMMZ.C</td><td>Male</td><td><div><p>Client's biological sex is male</p>\n</div></td></tr><tr><td style=\"white-space:nowrap\"><a name=\"http---smart.who.int-ig-smart-immunizations-CodeSystem-IMMZ.C-DE7\"> </a>\u00a0\u00a0<a href=\"CodeSystem-IMMZ.C.html#IMMZ.C-DE7\">DE7</a></td><td>http://smart.who.int/ig/smart-immunizations/CodeSystem/IMMZ.C</td><td>Female</td><td><div><p>Client's biological sex is female</p>\n</div></td></tr><tr><td style=\"white-space:nowrap\"><a name=\"http---smart.who.int-ig-smart-immunizations-CodeSystem-IMMZ.C-DE8\"> </a>\u00a0\u00a0<a href=\"CodeSystem-IMMZ.C.html#IMMZ.C-DE8\">DE8</a></td><td>http://smart.who.int/ig/smart-immunizations/CodeSystem/IMMZ.C</td><td>Biological sex not specified</td><td><div><p>Client's biological sex is not specified</p>\n</div></td></tr><tr><td style=\"white-space:nowrap\"><a name=\"http---smart.who.int-ig-smart-immunizations-CodeSystem-IMMZ.C-DE9\"> </a>\u00a0\u00a0<a href=\"CodeSystem-IMMZ.C.html#IMMZ.C-DE9\">DE9</a></td><td>http://smart.who.int/ig/smart-immunizations/CodeSystem/IMMZ.C</td><td>Intersex</td><td><div><p>Client's biological sex is intersex</p>\n</div></td></tr></table></div>"
      },
      "url" : "http://smart.who.int/ig/smart-immunizations/ValueSet/IMMZ.C.DE5",
      "version" : "0.1.0",
      "name" : "IMMZ_C_DE5",
      "title" : "IMMZ.C.DE5 ValueSet for Sex",
      "status" : "active",
      "expansion" : {
        "identifier" : "urn:uuid:7c011f4e-c788-4e39-a0b6-fe5f7f38ffd7",
        "timestamp" : "2023-10-22T12:59:43+00:00",
        "total" : 4,
        "parameter" : [{
          "name" : "excludeNested",
          "valueBoolean" : false
        },
        {
          "name" : "warning-draft",
          "valueUri" : "http://smart.who.int/ig/smart-immunizations/CodeSystem/IMMZ.C|0.1.0"
        },
        {
          "name" : "used-codesystem",
          "valueUri" : "http://smart.who.int/ig/smart-immunizations/CodeSystem/IMMZ.C|0.1.0"
        }],
        "contains" : [{
          "system" : "http://smart.who.int/ig/smart-immunizations/CodeSystem/IMMZ.C",
          "code" : "DE6",
          "display" : "Male"
        },
        {
          "system" : "http://smart.who.int/ig/smart-immunizations/CodeSystem/IMMZ.C",
          "code" : "DE7",
          "display" : "Female"
        },
        {
          "system" : "http://smart.who.int/ig/smart-immunizations/CodeSystem/IMMZ.C",
          "code" : "DE8",
          "display" : "Biological sex not specified"
        },
        {
          "system" : "http://smart.who.int/ig/smart-immunizations/CodeSystem/IMMZ.C",
          "code" : "DE9",
          "display" : "Intersex"
        }]
      }
    }
  },
  {
    "fullUrl" : "http://smart.who.int/ig/smart-immunizations/ValueSet/IMMZ.D1.DE10",
    "resource" : {
      "resourceType" : "ValueSet",
      "text" : {
        "status" : "generated",
        "div" : "<div xmlns=\"http://www.w3.org/1999/xhtml\"><p>This value set contains 3 concepts</p><p style=\"border: black 1px dotted; background-color: #EEEEEE; padding: 8px; margin-bottom: 8px\">Expansion based on <a href=\"CodeSystem-IMMZ.D1.html\">codesystem IMMZ.D1 CodeSystem for Data Elements v0.1.0 (CodeSystem)</a></p><table class=\"codes\"><tr><td style=\"white-space:nowrap\"><b>Code</b></td><td><b>System</b></td><td><b>Display</b></td><td><b>Definition</b></td></tr><tr><td style=\"white-space:nowrap\"><a name=\"http---smart.who.int-ig-smart-immunizations-CodeSystem-IMMZ.D1-DE11\"> </a>\u00a0\u00a0<a href=\"CodeSystem-IMMZ.D1.html#IMMZ.D1-DE11\">DE11</a></td><td>http://smart.who.int/ig/smart-immunizations/CodeSystem/IMMZ.D1</td><td>HIV-positive</td><td><div><p>The client is known to be HIV positive</p>\n</div></td></tr><tr><td style=\"white-space:nowrap\"><a name=\"http---smart.who.int-ig-smart-immunizations-CodeSystem-IMMZ.D1-DE12\"> </a>\u00a0\u00a0<a href=\"CodeSystem-IMMZ.D1.html#IMMZ.D1-DE12\">DE12</a></td><td>http://smart.who.int/ig/smart-immunizations/CodeSystem/IMMZ.D1</td><td>HIV-negative</td><td><div><p>The client is known to be HIV negative</p>\n</div></td></tr><tr><td style=\"white-space:nowrap\"><a name=\"http---smart.who.int-ig-smart-immunizations-CodeSystem-IMMZ.D1-DE13\"> </a>\u00a0\u00a0<a href=\"CodeSystem-IMMZ.D1.html#IMMZ.D1-DE13\">DE13</a></td><td>http://smart.who.int/ig/smart-immunizations/CodeSystem/IMMZ.D1</td><td>Unknown</td><td><div><p>The client's HIV status is unknown</p>\n</div></td></tr></table></div>"
      },
      "url" : "http://smart.who.int/ig/smart-immunizations/ValueSet/IMMZ.D1.DE10",
      "version" : "0.1.0",
      "name" : "IMMZ_D1_DE10",
      "title" : "IMMZ.D1.DE10 ValueSet for HIV Status",
      "status" : "active",
      "expansion" : {
        "identifier" : "urn:uuid:74cf1905-7879-4780-bcbf-2f404bd05d5e",
        "timestamp" : "2023-10-22T12:59:43+00:00",
        "total" : 3,
        "parameter" : [{
          "name" : "excludeNested",
          "valueBoolean" : false
        },
        {
          "name" : "warning-draft",
          "valueUri" : "http://smart.who.int/ig/smart-immunizations/CodeSystem/IMMZ.D1|0.1.0"
        },
        {
          "name" : "used-codesystem",
          "valueUri" : "http://smart.who.int/ig/smart-immunizations/CodeSystem/IMMZ.D1|0.1.0"
        }],
        "contains" : [{
          "system" : "http://smart.who.int/ig/smart-immunizations/CodeSystem/IMMZ.D1",
          "code" : "DE11",
          "display" : "HIV-positive"
        },
        {
          "system" : "http://smart.who.int/ig/smart-immunizations/CodeSystem/IMMZ.D1",
          "code" : "DE12",
          "display" : "HIV-negative"
        },
        {
          "system" : "http://smart.who.int/ig/smart-immunizations/CodeSystem/IMMZ.D1",
          "code" : "DE13",
          "display" : "Unknown"
        }]
      }
    }
  },
  {
    "fullUrl" : "http://smart.who.int/ig/smart-immunizations/ValueSet/IMMZ.D4.DE161",
    "resource" : {
      "resourceType" : "ValueSet",
      "text" : {
        "status" : "generated",
        "div" : "<div xmlns=\"http://www.w3.org/1999/xhtml\"><p>This value set contains 5 concepts</p><p style=\"border: black 1px dotted; background-color: #EEEEEE; padding: 8px; margin-bottom: 8px\">Expansion based on <a href=\"CodeSystem-IMMZ.D4.html\">codesystem IMMZ.D4 CodeSystem for Check Contraindications Data Elements v0.1.0 (CodeSystem)</a></p><table class=\"codes\"><tr><td style=\"white-space:nowrap\"><b>Code</b></td><td><b>System</b></td><td><b>Display</b></td><td><b>Definition</b></td></tr><tr><td style=\"white-space:nowrap\"><a name=\"http---smart.who.int-ig-smart-immunizations-CodeSystem-IMMZ.D4-DE162\"> </a>\u00a0\u00a0<a href=\"CodeSystem-IMMZ.D4.html#IMMZ.D4-DE162\">DE162</a></td><td>http://smart.who.int/ig/smart-immunizations/CodeSystem/IMMZ.D4</td><td>Currently pregnant</td><td><div><p>The client is currently pregnant</p>\n</div></td></tr><tr><td style=\"white-space:nowrap\"><a name=\"http---smart.who.int-ig-smart-immunizations-CodeSystem-IMMZ.D4-DE165\"> </a>\u00a0\u00a0<a href=\"CodeSystem-IMMZ.D4.html#IMMZ.D4-DE165\">DE165</a></td><td>http://smart.who.int/ig/smart-immunizations/CodeSystem/IMMZ.D4</td><td>Severely immunosuppressed</td><td><div><p>The client is known to be severely immunocompromised or immunosuppressed</p>\n</div></td></tr><tr><td style=\"white-space:nowrap\"><a name=\"http---smart.who.int-ig-smart-immunizations-CodeSystem-IMMZ.D4-DE166\"> </a>\u00a0\u00a0<a href=\"CodeSystem-IMMZ.D4.html#IMMZ.D4-DE166\">DE166</a></td><td>http://smart.who.int/ig/smart-immunizations/CodeSystem/IMMZ.D4</td><td>History of anaphylactic reactions</td><td><div><p>The client is known to have history of anaphylaxis in the past. Anaphylaxis is a severe and potentially life-threatening allergic reaction that can occur rapidly after exposure to an allergen or vaccine component.</p>\n</div></td></tr><tr><td style=\"white-space:nowrap\"><a name=\"http---smart.who.int-ig-smart-immunizations-CodeSystem-IMMZ.D4-DE167\"> </a>\u00a0\u00a0<a href=\"CodeSystem-IMMZ.D4.html#IMMZ.D4-DE167\">DE167</a></td><td>http://smart.who.int/ig/smart-immunizations/CodeSystem/IMMZ.D4</td><td>Severe allergic reactions</td><td><div><p>The client is known to have severe allergic reaction to vaccine</p>\n</div></td></tr><tr><td style=\"white-space:nowrap\"><a name=\"http---smart.who.int-ig-smart-immunizations-CodeSystem-IMMZ.D4-DE168\"> </a>\u00a0\u00a0<a href=\"CodeSystem-IMMZ.D4.html#IMMZ.D4-DE168\">DE168</a></td><td>http://smart.who.int/ig/smart-immunizations/CodeSystem/IMMZ.D4</td><td>Symptomatic HIV infection</td><td><div><p>The client is experiencing HIV-related symptoms</p>\n</div></td></tr></table></div>"
      },
      "url" : "http://smart.who.int/ig/smart-immunizations/ValueSet/IMMZ.D4.DE161",
      "version" : "0.1.0",
      "name" : "IMMZ_D4_DE161",
      "title" : "IMMZ.D4.DE161 ValueSet for Potential Contraindications",
      "status" : "active",
      "expansion" : {
        "identifier" : "urn:uuid:faa1e4df-7386-4ca3-b8d0-da450d5fa8ce",
        "timestamp" : "2023-10-22T12:59:43+00:00",
        "total" : 5,
        "parameter" : [{
          "name" : "excludeNested",
          "valueBoolean" : false
        },
        {
          "name" : "warning-draft",
          "valueUri" : "http://smart.who.int/ig/smart-immunizations/CodeSystem/IMMZ.D4|0.1.0"
        },
        {
          "name" : "used-codesystem",
          "valueUri" : "http://smart.who.int/ig/smart-immunizations/CodeSystem/IMMZ.D4|0.1.0"
        }],
        "contains" : [{
          "system" : "http://smart.who.int/ig/smart-immunizations/CodeSystem/IMMZ.D4",
          "code" : "DE162",
          "display" : "Currently pregnant"
        },
        {
          "system" : "http://smart.who.int/ig/smart-immunizations/CodeSystem/IMMZ.D4",
          "code" : "DE165",
          "display" : "Severely immunosuppressed"
        },
        {
          "system" : "http://smart.who.int/ig/smart-immunizations/CodeSystem/IMMZ.D4",
          "code" : "DE166",
          "display" : "History of anaphylactic reactions"
        },
        {
          "system" : "http://smart.who.int/ig/smart-immunizations/CodeSystem/IMMZ.D4",
          "code" : "DE167",
          "display" : "Severe allergic reactions"
        },
        {
          "system" : "http://smart.who.int/ig/smart-immunizations/CodeSystem/IMMZ.D4",
          "code" : "DE168",
          "display" : "Symptomatic HIV infection"
        }]
      }
    }
  },
  {
    "fullUrl" : "http://smart.who.int/ig/smart-immunizations/ValueSet/Immunocompromised-values",
    "resource" : {
      "resourceType" : "ValueSet",
      "text" : {
        "status" : "generated",
        "div" : "<div xmlns=\"http://www.w3.org/1999/xhtml\"><p>This value set contains 2 concepts</p><div style=\"border: black 1px dotted; background-color: #EEEEEE; padding: 8px; margin-bottom: 8px\"><p>Expansion based on: </p><ul><li>SNOMED CT International edition 01-Sep 2023</li><li>SNOMED CT International edition 01-Sep 2023</li></ul></div><table class=\"codes\"><tr><td style=\"white-space:nowrap\"><b>Code</b></td><td><b>System</b></td><td><b>Display</b></td></tr><tr><td style=\"white-space:nowrap\"><a name=\"http---snomed.info-sct-370388006\"> </a>\u00a0\u00a0<a href=\"http://snomed.info/id/370388006\">370388006</a></td><td>http://snomed.info/sct</td><td>Patient immunocompromised</td></tr><tr><td style=\"white-space:nowrap\"><a name=\"http---snomed.info-sct-370391006\"> </a>\u00a0\u00a0<a href=\"http://snomed.info/id/370391006\">370391006</a></td><td>http://snomed.info/sct</td><td>Patient immunosuppressed</td></tr></table></div>"
      },
      "url" : "http://smart.who.int/ig/smart-immunizations/ValueSet/Immunocompromised-values",
      "version" : "0.1.0",
      "name" : "Immunocompromisedvalues",
      "title" : "Immunocompromised valueset",
      "status" : "draft",
      "experimental" : false,
      "date" : "2023-10-22T12:58:20+00:00",
      "jurisdiction" : [{
        "coding" : [{
          "system" : "http://unstats.un.org/unsd/methods/m49/m49.htm",
          "code" : "001"
        }]
      }],
      "immutable" : true,
      "expansion" : {
        "identifier" : "urn:uuid:e9830e6c-f8f3-4114-bc66-5ce82db2d646",
        "timestamp" : "2023-10-22T12:59:48+00:00",
        "total" : 2,
        "parameter" : [{
          "name" : "excludeNested",
          "valueBoolean" : false
        },
        {
          "name" : "used-valueset",
          "valueUri" : "null"
        },
        {
          "name" : "limitedExpansion",
          "valueBoolean" : true
        },
        {
          "name" : "used-codesystem",
          "valueUri" : "http://snomed.info/sct|http://snomed.info/sct/900000000000207008/version/20230901"
        },
        {
          "name" : "version",
          "valueUri" : "http://snomed.info/sct|http://snomed.info/sct/900000000000207008/version/20230901"
        }],
        "contains" : [{
          "system" : "http://snomed.info/sct",
          "code" : "370388006",
          "display" : "Patient immunocompromised"
        },
        {
          "system" : "http://snomed.info/sct",
          "code" : "370391006",
          "display" : "Patient immunosuppressed"
        }]
      }
    }
  },
  {
    "fullUrl" : "http://smart.who.int/ig/smart-immunizations/ValueSet/Negativetestresult-values",
    "resource" : {
      "resourceType" : "ValueSet",
      "text" : {
        "status" : "generated",
        "div" : "<div xmlns=\"http://www.w3.org/1999/xhtml\"><p>This value set contains 1 concepts</p><div style=\"border: black 1px dotted; background-color: #EEEEEE; padding: 8px; margin-bottom: 8px\"><p>Expansion based on: </p><ul><li>SNOMED CT International edition 01-Sep 2023</li><li>SNOMED CT International edition 01-Sep 2023</li></ul></div><table class=\"codes\"><tr><td style=\"white-space:nowrap\"><b>Code</b></td><td><b>System</b></td><td><b>Display</b></td></tr><tr><td style=\"white-space:nowrap\"><a name=\"http---snomed.info-sct-260385009\"> </a>\u00a0\u00a0<a href=\"http://snomed.info/id/260385009\">260385009</a></td><td>http://snomed.info/sct</td><td>Negative (qualifier value)</td></tr></table></div>"
      },
      "url" : "http://smart.who.int/ig/smart-immunizations/ValueSet/Negativetestresult-values",
      "version" : "0.1.0",
      "name" : "Negativetestresultvalues",
      "title" : "Negative Test Results",
      "status" : "draft",
      "experimental" : false,
      "date" : "2023-10-22T12:58:20+00:00",
      "jurisdiction" : [{
        "coding" : [{
          "system" : "http://unstats.un.org/unsd/methods/m49/m49.htm",
          "code" : "001"
        }]
      }],
      "immutable" : true,
      "expansion" : {
        "identifier" : "urn:uuid:5e0e4e50-5987-4802-ad81-99e98441a841",
        "timestamp" : "2023-10-22T12:59:49+00:00",
        "total" : 1,
        "parameter" : [{
          "name" : "excludeNested",
          "valueBoolean" : false
        },
        {
          "name" : "used-valueset",
          "valueUri" : "null"
        },
        {
          "name" : "limitedExpansion",
          "valueBoolean" : true
        },
        {
          "name" : "used-codesystem",
          "valueUri" : "http://snomed.info/sct|http://snomed.info/sct/900000000000207008/version/20230901"
        },
        {
          "name" : "version",
          "valueUri" : "http://snomed.info/sct|http://snomed.info/sct/900000000000207008/version/20230901"
        }],
        "contains" : [{
          "system" : "http://snomed.info/sct",
          "code" : "260385009",
          "display" : "Negative (qualifier value)"
        }]
      }
    }
  },
  {
    "fullUrl" : "http://smart.who.int/ig/smart-immunizations/ValueSet/PositiveTestResult-values",
    "resource" : {
      "resourceType" : "ValueSet",
      "text" : {
        "status" : "generated",
        "div" : "<div xmlns=\"http://www.w3.org/1999/xhtml\"><p>This value set contains 1 concepts</p><div style=\"border: black 1px dotted; background-color: #EEEEEE; padding: 8px; margin-bottom: 8px\"><p>Expansion based on: </p><ul><li>SNOMED CT International edition 01-Sep 2023</li><li>SNOMED CT International edition 01-Sep 2023</li></ul></div><table class=\"codes\"><tr><td style=\"white-space:nowrap\"><b>Code</b></td><td><b>System</b></td><td><b>Display</b></td></tr><tr><td style=\"white-space:nowrap\"><a name=\"http---snomed.info-sct-10828004\"> </a>\u00a0\u00a0<a href=\"http://snomed.info/id/10828004\">10828004</a></td><td>http://snomed.info/sct</td><td>Positive (qualifier value)</td></tr></table></div>"
      },
      "url" : "http://smart.who.int/ig/smart-immunizations/ValueSet/PositiveTestResult-values",
      "version" : "0.1.0",
      "name" : "PositiveTestResultvalues",
      "title" : "Positive Test Result valuest",
      "status" : "draft",
      "experimental" : false,
      "date" : "2023-10-22T12:58:20+00:00",
      "jurisdiction" : [{
        "coding" : [{
          "system" : "http://unstats.un.org/unsd/methods/m49/m49.htm",
          "code" : "001"
        }]
      }],
      "immutable" : true,
      "expansion" : {
        "identifier" : "urn:uuid:7e34705c-fe78-4b88-be93-9f419d9f1457",
        "timestamp" : "2023-10-22T12:59:49+00:00",
        "total" : 1,
        "parameter" : [{
          "name" : "excludeNested",
          "valueBoolean" : false
        },
        {
          "name" : "used-valueset",
          "valueUri" : "null"
        },
        {
          "name" : "limitedExpansion",
          "valueBoolean" : true
        },
        {
          "name" : "used-codesystem",
          "valueUri" : "http://snomed.info/sct|http://snomed.info/sct/900000000000207008/version/20230901"
        },
        {
          "name" : "version",
          "valueUri" : "http://snomed.info/sct|http://snomed.info/sct/900000000000207008/version/20230901"
        }],
        "contains" : [{
          "system" : "http://snomed.info/sct",
          "code" : "10828004",
          "display" : "Positive (qualifier value)"
        }]
      }
    }
  }]
}