<?xml version="1.0" encoding="UTF-8"?><PlanDefinition xmlns="http://hl7.org/fhir"><id value="IMMZ.DT.09.Rubella"/><url value="http://fhir.org/guides/who/smart-immunization/PlanDefinition/IMMZ.DT.09.Rubella"/><version value="0.1.0"/><name value="IMMZ.DT.09.Rubella"/><title value="IMMZ.DT.09.Rubella"/><status value="draft"/><date value="2023-08-09T14:35:53+00:00"/><publisher value="World Health Organization (WHO)"/><description value="If child or patient has not received the Rubella vaccination and is greater than or equal to 9 months"/><jurisdiction><coding><system value="http://unstats.un.org/unsd/methods/m49/m49.htm"/><code value="001"/></coding></jurisdiction><library value="http://fhir.org/guides/who/smart-immunization/Library/IMMZDT09"/><action><title value="Immunize Patient for Rubella- No Doses"/><description value="Provide Rubella immunizations – using the &quot;Rubella Vaccine immunization – NO PREVIOUS&quot; schedule (1 dose scheme)"/><condition><kind value="applicability"/><expression><description value="Provision of the Rubella dose"/><language value="text/cql-expression"/><expression value="Provision of the Rubella dose"/></expression></condition><definitionCanonical value="http://fhir.org/guides/who/smart-immunization/ActivityDefinition/IMMZ.DT.09.Rubella.01"/></action></PlanDefinition>