<?xml version="1.0" encoding="UTF-8"?><PlanDefinition xmlns="http://hl7.org/fhir"><id value="IMMZ.DT.07.Rotavirus"/><url value="http://fhir.org/guides/who/smart-immunization/PlanDefinition/IMMZ.DT.07.Rotavirus"/><version value="0.1.0"/><name value="IMMZ.DT.07.Rotavirus"/><title value="IMMZ.DT.07.Rotavirus"/><status value="draft"/><date value="2023-08-09T14:35:53+00:00"/><publisher value="World Health Organization (WHO)"/><description value="If child or person has not been vaccinated, give Rotavirus vaccine according to the defined schedule"/><jurisdiction><coding><system value="http://unstats.un.org/unsd/methods/m49/m49.htm"/><code value="001"/></coding></jurisdiction><library value="http://fhir.org/guides/who/smart-immunization/Library/IMMZDT07"/><action><title value="Immunize Patient for Rotavirus"/><description value="Provide Rotavirus immunizations"/><condition><kind value="applicability"/><expression><description value="Provision of the Rotavirus dose"/><language value="text/cql-expression"/><expression value="Provision of the Rotavirus dose"/></expression></condition><definitionCanonical value="http://fhir.org/guides/who/smart-immunization/ActivityDefinition/IMMZ.DT.07.Rotavirus.01"/></action></PlanDefinition>