<?xml version="1.0" encoding="UTF-8"?><PlanDefinition xmlns="http://hl7.org/fhir"><id value="IMMZ.DT.14.Typhoid"/><url value="http://fhir.org/guides/who/smart-immunization/PlanDefinition/IMMZ.DT.14.Typhoid"/><version value="0.1.0"/><name value="IMMZ.DT.14.Typhoid"/><title value="IMMZ.DT.14.Typhoid"/><status value="draft"/><date value="2023-08-09T14:35:53+00:00"/><publisher value="World Health Organization (WHO)"/><description value="If child or person has not been vaccinated, give the Typhoid vaccine between age 6 months - 45 years old"/><jurisdiction><coding><system value="http://unstats.un.org/unsd/methods/m49/m49.htm"/><code value="001"/></coding></jurisdiction><library value="http://fhir.org/guides/who/smart-immunization/Library/IMMZDT14"/><action><title value="Immunize Patient for Typhoid"/><description value="Provide Typhoid immunizations"/><condition><kind value="applicability"/><expression><description value="Provision of the Typhoid dose"/><language value="text/cql"/><expression value="Provision of the Typhoid dose"/></expression></condition><definitionCanonical value="http://fhir.org/guides/who/smart-immunization/ActivityDefinition/IMMZ.DT.14.Typhoid.01"/></action></PlanDefinition>