<?xml version="1.0" encoding="UTF-8"?><PlanDefinition xmlns="http://hl7.org/fhir"><id value="IMMZ.DT.13.Tick-BorneEncephalitis"/><url value="http://fhir.org/guides/who/smart-immunization/PlanDefinition/IMMZ.DT.13.Tick-BorneEncephalitis"/><version value="0.1.0"/><name value="IMMZ.DT.13.Tick-BorneEncephalitis"/><title value="IMMZ.DT.13.Tick-BorneEncephalitis"/><status value="draft"/><date value="2023-08-09T14:35:53+00:00"/><publisher value="World Health Organization (WHO)"/><description value="If child or person has not been vaccinated, give Tick-Borne Encephalitis vaccine according to the defined schedule"/><jurisdiction><coding><system value="http://unstats.un.org/unsd/methods/m49/m49.htm"/><code value="001"/></coding></jurisdiction><library value="http://fhir.org/guides/who/smart-immunization/Library/IMMZDT13"/><action><title value="Immunize Patient for Tick-Borne Encephalitis"/><description value="Provide Tick-Borne Encephalitis immunizations"/><condition><kind value="applicability"/><expression><description value="Provision of the TBE dose"/><language value="text/cql"/><expression value="Provision of the TBE dose"/></expression></condition><definitionCanonical value="http://fhir.org/guides/who/smart-immunization/ActivityDefinition/IMMZ.DT.13.TBE.01"/></action></PlanDefinition>