<?xml version="1.0" encoding="UTF-8"?><PlanDefinition xmlns="http://hl7.org/fhir"><id value="IMMZ.DT.20.Mumps"/><url value="http://fhir.org/guides/who/smart-immunization/PlanDefinition/IMMZ.DT.20.Mumps"/><version value="0.1.0"/><name value="IMMZ.DT.20.Mumps"/><title value="IMMZ.DT.20.Mumps"/><status value="draft"/><date value="2023-08-09T14:35:53+00:00"/><publisher value="World Health Organization (WHO)"/><description value="If child or person has not been vaccinated against Mumps, give Mumps vaccine"/><jurisdiction><coding><system value="http://unstats.un.org/unsd/methods/m49/m49.htm"/><code value="001"/></coding></jurisdiction><library value="http://fhir.org/guides/who/smart-immunization/Library/IMMZDT20"/><action><title value="Immunize Patient for MUMPS - No Doses"/><description value="Provide MUMPS immunizations - using the &quot;MUMPS vaccine immunization - NO PREVIOUS&quot; schedule (2 dose scheme)"/><condition><kind value="applicability"/><expression><description value="&quot;MUMPS vaccine immunization history&quot; = &quot;No-doses&quot;"/><language value="text/cql"/><expression value="Should vaccinate Patient for MUMPS because no doses on 2 dose scheme"/></expression></condition><condition><kind value="applicability"/><expression><description value="&quot;Current Patient Age in Months&quot; &gt;= 12"/><language value="text/cql"/><expression value="Should vaccinate Patient for MUMPS because no doses on 2 dose scheme"/></expression></condition><condition><kind value="applicability"/><expression><description value="&quot;Country recognizes MUMPS reduction as a public health priority&quot; = TRUE"/><language value="text/cql"/><expression value="Should vaccinate Patient for MUMPS because no doses on 2 dose scheme"/></expression></condition><definitionCanonical value="http://fhir.org/guides/who/smart-immunization/ActivityDefinition/IMMZ.DT.20.Mumps.01"/></action><action><title value="Immunize Patient for MUMPS - 1 Dose given a month ago"/><description value="Provide MUMPS immunizations - using the &quot;MUMPS vaccine immunization - 1 PREVIOUS&quot; schedule (2 dose scheme)"/><condition><kind value="applicability"/><expression><description value="&quot;MUMPS vaccine immunization history&quot; = &quot;1 dose&quot;"/><language value="text/cql"/><expression value="Should vaccinate Patient for MUMPS a second dose on a 2 dose scheme"/></expression></condition><condition><kind value="applicability"/><expression><description value="&quot;Date last MUMPS dose given&quot; &gt;= &quot;1 months&quot;"/><language value="text/cql"/><expression value="Should vaccinate Patient for MUMPS a second dose on a 2 dose scheme"/></expression></condition><definitionCanonical value="http://fhir.org/guides/who/smart-immunization/ActivityDefinition/IMMZ.DT.20.Mumps.02"/></action></PlanDefinition>