<?xml version="1.0" encoding="UTF-8"?><PlanDefinition xmlns="http://hl7.org/fhir"><id value="IMMZ.DT.03.Polio"/><url value="http://fhir.org/guides/who/smart-immunization/PlanDefinition/IMMZ.DT.03.Polio"/><version value="0.1.0"/><name value="IMMZ.DT.03.Polio"/><title value="IMMZ.DT.03.Polio"/><status value="draft"/><date value="2023-08-09T14:35:53+00:00"/><publisher value="World Health Organization (WHO)"/><description value="If child or person has not been vaccinated, give Polio vaccine"/><jurisdiction><coding><system value="http://unstats.un.org/unsd/methods/m49/m49.htm"/><code value="001"/></coding></jurisdiction><library value="http://fhir.org/guides/who/smart-immunization/Library/IMMZDT03"/><action><title value="Schedule Patient for Polio (bOPV)"/><description value="Schedule Polio (bOPV) immunizations"/><condition><kind value="applicability"/><expression><description value="Provision of the bOPV dose"/><language value="text/cql-expression"/><expression value="Provision of the bOPV dose"/></expression></condition><definitionCanonical value="http://fhir.org/guides/who/smart-immunization/ActivityDefinition/IMMZ.DT.02.HepatitisB.bOPV"/></action><action><title value="Schedule Patient for Polio (IPV)"/><description value="Schedule Polio (IPV) immunization"/><condition><kind value="applicability"/><expression><description value="Provision of the IPV dose"/><language value="text/cql-expression"/><expression value="Provision of the IPV dose"/></expression></condition><definitionCanonical value="http://fhir.org/guides/who/smart-immunization/ActivityDefinition/IMMZ.DT.02.HepatitisB.IPV"/></action><action><title value="Remind Patient for bOPV dose"/><description value="Reminder Patient for bOPV dose"/><condition><kind value="applicability"/><expression><description value="Should Send bOPV Reminder"/><language value="text/cql-expression"/><expression value="Should Send bOPV Reminder"/></expression></condition><definitionCanonical value="http://fhir.org/guides/who/smart-immunization/ActivityDefinition/IMMZ.DT.03.Polio.bOPV.CR"/></action><action><title value="Remind Patient for IPV dose"/><description value="Reminder Patient for IPV dose"/><condition><kind value="applicability"/><expression><description value="Should Send IPV Reminder"/><language value="text/cql-expression"/><expression value="Should Send IPV Reminder"/></expression></condition><definitionCanonical value="http://fhir.org/guides/who/smart-immunization/ActivityDefinition/IMMZ.DT.03.Polio.IPV.CR"/></action></PlanDefinition>