<?xml version="1.0" encoding="UTF-8"?><ValueSet xmlns="http://hl7.org/fhir"><id value="Negativetestresult-values"/><text><status value="generated"/><div xmlns="http://www.w3.org/1999/xhtml"><ul><li>Include these codes as defined in <a href="http://www.snomed.org/"><code>http://snomed.info/sct</code></a><table class="none"><tr><td style="white-space:nowrap"><b>Code</b></td><td><b>Display</b></td></tr><tr><td><a href="http://snomed.info/id/260385009">260385009</a></td><td>Negative (qualifier value)</td></tr></table></li></ul></div></text><url value="http://fhir.org/guides/who/smart-immunization/ValueSet/Negativetestresult-values"/><version value="0.1.0"/><name value="Negativetestresultvalues"/><title value="Negative Test Results"/><status value="draft"/><experimental value="false"/><date value="2023-08-09T14:35:53+00:00"/><publisher value="World Health Organization (WHO)"/><description value="Codes representing negative test result values"/><jurisdiction><coding><system value="http://unstats.un.org/unsd/methods/m49/m49.htm"/><code value="001"/></coding></jurisdiction><immutable value="true"/><compose><include><system value="http://snomed.info/sct"/><concept><code value="260385009"/><display value="Negative (qualifier value)"/></concept></include></compose></ValueSet>