{
  "resourceType" : "Bundle",
  "id" : "e970b244-3aaa-4665-b2d5-b4741a6bdc95",
  "meta" : {
    "lastUpdated" : "2023-08-09T14:35:53.752+00:00"
  },
  "type" : "collection",
  "entry" : [{
    "fullUrl" : "http://fhir.org/guides/who/smart-immunization/ValueSet/ARVDrugs-values",
    "resource" : {
      "resourceType" : "ValueSet",
      "text" : {
        "status" : "generated",
        "div" : "<div xmlns=\"http://www.w3.org/1999/xhtml\"><p>This value set contains 2 concepts</p><p style=\"border: black 1px dotted; background-color: #EEEEEE; padding: 8px; margin-bottom: 8px\">Expansion based on SNOMED CT International edition 31-Jul 2023</p><table class=\"codes\"><tr><td style=\"white-space:nowrap\"><b>Code</b></td><td><b>System</b></td><td><b>Display</b></td></tr><tr><td style=\"white-space:nowrap\"><a name=\"http---snomed.info-sct-713540004\"> </a>\u00a0\u00a0<a href=\"http://snomed.info/id/713540004\">713540004</a></td><td>http://snomed.info/sct</td><td>Substance with antiretroviral mechanism of action (substance)</td></tr><tr><td style=\"white-space:nowrap\"><a name=\"http---snomed.info-sct-788075003\"> </a>\u00a0\u00a0<a href=\"http://snomed.info/id/788075003\">788075003</a></td><td>http://snomed.info/sct</td><td>Medicinal product acting as antiretroviral agent (product)</td></tr></table></div>"
      },
      "url" : "http://fhir.org/guides/who/smart-immunization/ValueSet/ARVDrugs-values",
      "version" : "0.1.0",
      "name" : "ARVDrugsvalues",
      "title" : "ARV Drugs values",
      "status" : "draft",
      "experimental" : false,
      "date" : "2023-08-09T14:35:53+00:00",
      "jurisdiction" : [{
        "coding" : [{
          "system" : "http://unstats.un.org/unsd/methods/m49/m49.htm",
          "code" : "001"
        }]
      }],
      "immutable" : true,
      "expansion" : {
        "identifier" : "urn:uuid:2fdb3e6e-8e9e-4758-b647-9e8208d1b389",
        "timestamp" : "2023-08-09T14:38:17+00:00",
        "total" : 2,
        "parameter" : [{
          "name" : "excludeNested",
          "valueBoolean" : false
        },
        {
          "name" : "version",
          "valueUri" : "null"
        },
        {
          "name" : "limitedExpansion",
          "valueBoolean" : true
        },
        {
          "name" : "version",
          "valueUri" : "http://snomed.info/sct|http://snomed.info/sct/900000000000207008/version/20230731"
        }],
        "contains" : [{
          "system" : "http://snomed.info/sct",
          "code" : "713540004",
          "display" : "Substance with antiretroviral mechanism of action (substance)"
        },
        {
          "system" : "http://snomed.info/sct",
          "code" : "788075003",
          "display" : "Medicinal product acting as antiretroviral agent (product)"
        }]
      }
    }
  },
  {
    "fullUrl" : "http://fhir.org/guides/who/smart-immunization/ValueSet/WCrBSClassCholeraVaccine-values",
    "resource" : {
      "resourceType" : "ValueSet",
      "text" : {
        "status" : "generated",
        "div" : "<div xmlns=\"http://www.w3.org/1999/xhtml\"><p>This value set contains 1 concepts</p><p style=\"border: black 1px dotted; background-color: #EEEEEE; padding: 8px; margin-bottom: 8px\">Expansion based on SNOMED CT International edition 31-Jul 2023</p><table class=\"codes\"><tr><td style=\"white-space:nowrap\"><b>Code</b></td><td><b>System</b></td><td><b>Display</b></td></tr><tr><td style=\"white-space:nowrap\"><a name=\"http---snomed.info-sct-991000221105\"> </a>\u00a0\u00a0<a href=\"http://snomed.info/id/991000221105\">991000221105</a></td><td>http://snomed.info/sct</td><td>Vaccine product containing only Vibrio cholerae antigen (medicinal product)</td></tr></table></div>"
      },
      "url" : "http://fhir.org/guides/who/smart-immunization/ValueSet/WCrBSClassCholeraVaccine-values",
      "version" : "0.1.0",
      "name" : "WCrBSClassCholeraVaccinevalues",
      "title" : "WC-rBS Class Cholera Vaccine values",
      "status" : "draft",
      "experimental" : false,
      "date" : "2023-08-09T14:35:53+00:00",
      "jurisdiction" : [{
        "coding" : [{
          "system" : "http://unstats.un.org/unsd/methods/m49/m49.htm",
          "code" : "001"
        }]
      }],
      "immutable" : true,
      "expansion" : {
        "identifier" : "urn:uuid:67cd1a67-6ac5-48ea-a2aa-ac9b4024bca8",
        "timestamp" : "2023-08-09T14:38:18+00:00",
        "total" : 1,
        "parameter" : [{
          "name" : "excludeNested",
          "valueBoolean" : false
        },
        {
          "name" : "version",
          "valueUri" : "null"
        },
        {
          "name" : "limitedExpansion",
          "valueBoolean" : true
        },
        {
          "name" : "version",
          "valueUri" : "http://snomed.info/sct|http://snomed.info/sct/900000000000207008/version/20230731"
        }],
        "contains" : [{
          "system" : "http://snomed.info/sct",
          "code" : "991000221105",
          "display" : "Vaccine product containing only Vibrio cholerae antigen (medicinal product)"
        }]
      }
    }
  },
  {
    "fullUrl" : "http://fhir.org/guides/who/smart-immunization/ValueSet/PositiveTestResult-values",
    "resource" : {
      "resourceType" : "ValueSet",
      "text" : {
        "status" : "generated",
        "div" : "<div xmlns=\"http://www.w3.org/1999/xhtml\"><p>This value set contains 1 concepts</p><p style=\"border: black 1px dotted; background-color: #EEEEEE; padding: 8px; margin-bottom: 8px\">Expansion based on SNOMED CT International edition 31-Jul 2023</p><table class=\"codes\"><tr><td style=\"white-space:nowrap\"><b>Code</b></td><td><b>System</b></td><td><b>Display</b></td></tr><tr><td style=\"white-space:nowrap\"><a name=\"http---snomed.info-sct-10828004\"> </a>\u00a0\u00a0<a href=\"http://snomed.info/id/10828004\">10828004</a></td><td>http://snomed.info/sct</td><td>Positive (qualifier value)</td></tr></table></div>"
      },
      "url" : "http://fhir.org/guides/who/smart-immunization/ValueSet/PositiveTestResult-values",
      "version" : "0.1.0",
      "name" : "PositiveTestResultvalues",
      "title" : "Positive Test Result valuest",
      "status" : "draft",
      "experimental" : false,
      "date" : "2023-08-09T14:35:53+00:00",
      "jurisdiction" : [{
        "coding" : [{
          "system" : "http://unstats.un.org/unsd/methods/m49/m49.htm",
          "code" : "001"
        }]
      }],
      "immutable" : true,
      "expansion" : {
        "identifier" : "urn:uuid:340c2a75-c624-4fb3-a42c-73ce1e00df00",
        "timestamp" : "2023-08-09T14:38:18+00:00",
        "total" : 1,
        "parameter" : [{
          "name" : "excludeNested",
          "valueBoolean" : false
        },
        {
          "name" : "version",
          "valueUri" : "null"
        },
        {
          "name" : "limitedExpansion",
          "valueBoolean" : true
        },
        {
          "name" : "version",
          "valueUri" : "http://snomed.info/sct|http://snomed.info/sct/900000000000207008/version/20230731"
        }],
        "contains" : [{
          "system" : "http://snomed.info/sct",
          "code" : "10828004",
          "display" : "Positive (qualifier value)"
        }]
      }
    }
  },
  {
    "fullUrl" : "http://fhir.org/guides/who/smart-immunization/ValueSet/SickleCell-values",
    "resource" : {
      "resourceType" : "ValueSet",
      "text" : {
        "status" : "generated",
        "div" : "<div xmlns=\"http://www.w3.org/1999/xhtml\"><p>This value set contains 1 concepts</p><p style=\"border: black 1px dotted; background-color: #EEEEEE; padding: 8px; margin-bottom: 8px\">Expansion based on SNOMED CT International edition 31-Jul 2023</p><table class=\"codes\"><tr><td style=\"white-space:nowrap\"><b>Code</b></td><td><b>System</b></td><td><b>Display</b></td></tr><tr><td style=\"white-space:nowrap\"><a name=\"http---snomed.info-sct-127040003\"> </a>\u00a0\u00a0<a href=\"http://snomed.info/id/127040003\">127040003</a></td><td>http://snomed.info/sct</td><td>Sickle cell-hemoglobin SS disease (disorder)</td></tr></table></div>"
      },
      "url" : "http://fhir.org/guides/who/smart-immunization/ValueSet/SickleCell-values",
      "version" : "0.1.0",
      "name" : "SickleCellvalues",
      "title" : "Sickle Cell valuest",
      "status" : "draft",
      "experimental" : false,
      "date" : "2023-08-09T14:35:53+00:00",
      "jurisdiction" : [{
        "coding" : [{
          "system" : "http://unstats.un.org/unsd/methods/m49/m49.htm",
          "code" : "001"
        }]
      }],
      "immutable" : true,
      "expansion" : {
        "identifier" : "urn:uuid:b7a84feb-3692-47f7-a3e6-0718da17d9c1",
        "timestamp" : "2023-08-09T14:38:18+00:00",
        "total" : 1,
        "parameter" : [{
          "name" : "excludeNested",
          "valueBoolean" : false
        },
        {
          "name" : "version",
          "valueUri" : "null"
        },
        {
          "name" : "limitedExpansion",
          "valueBoolean" : true
        },
        {
          "name" : "version",
          "valueUri" : "http://snomed.info/sct|http://snomed.info/sct/900000000000207008/version/20230731"
        }],
        "contains" : [{
          "system" : "http://snomed.info/sct",
          "code" : "127040003",
          "display" : "Sickle cell-hemoglobin SS disease (disorder)"
        }]
      }
    }
  },
  {
    "fullUrl" : "http://fhir.org/guides/who/smart-immunization/ValueSet/EncepurClassTBEVaccine-values",
    "resource" : {
      "resourceType" : "ValueSet",
      "text" : {
        "status" : "generated",
        "div" : "<div xmlns=\"http://www.w3.org/1999/xhtml\"><p>This value set contains 2 concepts</p><p style=\"border: black 1px dotted; background-color: #EEEEEE; padding: 8px; margin-bottom: 8px\">Expansion based on SNOMED CT International edition 31-Jul 2023</p><table class=\"codes\"><tr><td style=\"white-space:nowrap\"><b>Code</b></td><td><b>System</b></td><td><b>Display</b></td></tr><tr><td style=\"white-space:nowrap\"><a name=\"http---snomed.info-sct-871719005\"> </a>\u00a0\u00a0<a href=\"http://snomed.info/id/871719005\">871719005</a></td><td>http://snomed.info/sct</td><td>Vaccine product containing only Tick-borne encephalitis virus antigen (medicinal product)</td></tr><tr><td style=\"white-space:nowrap\"><a name=\"http---snomed.info-sct-836403007\"> </a>\u00a0\u00a0<a href=\"http://snomed.info/id/836403007\">836403007</a></td><td>http://snomed.info/sct</td><td>Vaccine product containing Tick-borne encephalitis virus antigen (medicinal product)</td></tr></table></div>"
      },
      "url" : "http://fhir.org/guides/who/smart-immunization/ValueSet/EncepurClassTBEVaccine-values",
      "version" : "0.1.0",
      "name" : "EncepurClassTBEVaccinevalues",
      "title" : "Encepur Class TBE Vaccine values",
      "status" : "draft",
      "experimental" : false,
      "date" : "2023-08-09T14:35:53+00:00",
      "jurisdiction" : [{
        "coding" : [{
          "system" : "http://unstats.un.org/unsd/methods/m49/m49.htm",
          "code" : "001"
        }]
      }],
      "immutable" : true,
      "expansion" : {
        "identifier" : "urn:uuid:298f66d0-b513-49e1-bdc7-f1251ba6a96a",
        "timestamp" : "2023-08-09T14:38:18+00:00",
        "total" : 2,
        "parameter" : [{
          "name" : "excludeNested",
          "valueBoolean" : false
        },
        {
          "name" : "version",
          "valueUri" : "null"
        },
        {
          "name" : "limitedExpansion",
          "valueBoolean" : true
        },
        {
          "name" : "version",
          "valueUri" : "http://snomed.info/sct|http://snomed.info/sct/900000000000207008/version/20230731"
        }],
        "contains" : [{
          "system" : "http://snomed.info/sct",
          "code" : "871719005",
          "display" : "Vaccine product containing only Tick-borne encephalitis virus antigen (medicinal product)"
        },
        {
          "system" : "http://snomed.info/sct",
          "code" : "836403007",
          "display" : "Vaccine product containing Tick-borne encephalitis virus antigen (medicinal product)"
        }]
      }
    }
  },
  {
    "fullUrl" : "http://fhir.org/guides/who/smart-immunization/ValueSet/Seronegative-values",
    "resource" : {
      "resourceType" : "ValueSet",
      "text" : {
        "status" : "generated",
        "div" : "<div xmlns=\"http://www.w3.org/1999/xhtml\"><p>This value set contains 1 concepts</p><p style=\"border: black 1px dotted; background-color: #EEEEEE; padding: 8px; margin-bottom: 8px\">Expansion based on SNOMED CT International edition 31-Jul 2023</p><table class=\"codes\"><tr><td style=\"white-space:nowrap\"><b>Code</b></td><td><b>System</b></td><td><b>Display</b></td></tr><tr><td style=\"white-space:nowrap\"><a name=\"http---snomed.info-sct-81321002\"> </a>\u00a0\u00a0<a href=\"http://snomed.info/id/81321002\">81321002</a></td><td>http://snomed.info/sct</td><td>Seronegative (qualifier value)</td></tr></table></div>"
      },
      "url" : "http://fhir.org/guides/who/smart-immunization/ValueSet/Seronegative-values",
      "version" : "0.1.0",
      "name" : "Seronegativevalues",
      "title" : "Seronegative valuest",
      "status" : "draft",
      "experimental" : false,
      "date" : "2023-08-09T14:35:53+00:00",
      "jurisdiction" : [{
        "coding" : [{
          "system" : "http://unstats.un.org/unsd/methods/m49/m49.htm",
          "code" : "001"
        }]
      }],
      "immutable" : true,
      "expansion" : {
        "identifier" : "urn:uuid:41c191b8-491e-4444-b363-396c48decdb2",
        "timestamp" : "2023-08-09T14:38:18+00:00",
        "total" : 1,
        "parameter" : [{
          "name" : "excludeNested",
          "valueBoolean" : false
        },
        {
          "name" : "version",
          "valueUri" : "null"
        },
        {
          "name" : "limitedExpansion",
          "valueBoolean" : true
        },
        {
          "name" : "version",
          "valueUri" : "http://snomed.info/sct|http://snomed.info/sct/900000000000207008/version/20230731"
        }],
        "contains" : [{
          "system" : "http://snomed.info/sct",
          "code" : "81321002",
          "display" : "Seronegative (qualifier value)"
        }]
      }
    }
  },
  {
    "fullUrl" : "http://fhir.org/guides/who/smart-immunization/ValueSet/CD4percentageTest-values",
    "resource" : {
      "resourceType" : "ValueSet",
      "text" : {
        "status" : "generated",
        "div" : "<div xmlns=\"http://www.w3.org/1999/xhtml\"><p>This value set contains 3 concepts</p><div style=\"border: black 1px dotted; background-color: #EEEEEE; padding: 8px; margin-bottom: 8px\"><p>Expansion based on: </p><ul><li>Loinc v2.74</li><li>SNOMED CT International edition 31-Jul 2023</li></ul></div><table class=\"codes\"><tr><td style=\"white-space:nowrap\"><b>Code</b></td><td><b>System</b></td><td><b>Display</b></td></tr><tr><td style=\"white-space:nowrap\"><a name=\"http---snomed.info-sct-313938009\"> </a>\u00a0\u00a0<a href=\"http://snomed.info/id/313938009\">313938009</a></td><td>http://snomed.info/sct</td><td>CD4 percent count (procedure)</td></tr><tr><td style=\"white-space:nowrap\"><a name=\"http---snomed.info-sct-413069009\"> </a>\u00a0\u00a0<a href=\"http://snomed.info/id/413069009\">413069009</a></td><td>http://snomed.info/sct</td><td>Percentage CD4 (T4 cells) count (procedure)</td></tr><tr><td style=\"white-space:nowrap\"><a name=\"http---loinc.org-80223-1\"> </a>\u00a0\u00a0<a href=\"https://loinc.org/80223-1/\">80223-1</a></td><td>http://loinc.org</td><td>CD4 cells/100 lymphocytes in Specimen</td></tr></table></div>"
      },
      "url" : "http://fhir.org/guides/who/smart-immunization/ValueSet/CD4percentageTest-values",
      "version" : "0.1.0",
      "name" : "CD4percentageTestvalues",
      "title" : "CD4 Percentage Test",
      "status" : "draft",
      "experimental" : false,
      "date" : "2023-08-09T14:35:53+00:00",
      "jurisdiction" : [{
        "coding" : [{
          "system" : "http://unstats.un.org/unsd/methods/m49/m49.htm",
          "code" : "001"
        }]
      }],
      "immutable" : true,
      "expansion" : {
        "identifier" : "urn:uuid:4bdfb157-8f6d-4556-bcf1-a5266bdca299",
        "timestamp" : "2023-08-09T14:38:19+00:00",
        "total" : 3,
        "parameter" : [{
          "name" : "excludeNested",
          "valueBoolean" : false
        },
        {
          "name" : "version",
          "valueUri" : "null"
        },
        {
          "name" : "limitedExpansion",
          "valueBoolean" : true
        },
        {
          "name" : "version",
          "valueUri" : "http://snomed.info/sct|http://snomed.info/sct/900000000000207008/version/20230731"
        },
        {
          "name" : "excludeNested",
          "valueBoolean" : true
        },
        {
          "name" : "version",
          "valueUri" : "http://loinc.org|2.74"
        }],
        "contains" : [{
          "system" : "http://snomed.info/sct",
          "code" : "313938009",
          "display" : "CD4 percent count (procedure)"
        },
        {
          "system" : "http://snomed.info/sct",
          "code" : "413069009",
          "display" : "Percentage CD4 (T4 cells) count (procedure)"
        },
        {
          "system" : "http://loinc.org",
          "code" : "80223-1",
          "display" : "CD4 cells/100 lymphocytes in Specimen"
        }]
      }
    }
  },
  {
    "fullUrl" : "http://fhir.org/guides/who/smart-immunization/ValueSet/TCVClassTyphoidVaccine-values",
    "resource" : {
      "resourceType" : "ValueSet",
      "text" : {
        "status" : "generated",
        "div" : "<div xmlns=\"http://www.w3.org/1999/xhtml\"><p>This value set contains 1 concepts</p><p style=\"border: black 1px dotted; background-color: #EEEEEE; padding: 8px; margin-bottom: 8px\">Expansion based on http://hl7.org/fhir/sid/cvx version 20210406</p><table class=\"codes\"><tr><td style=\"white-space:nowrap\"><b>Code</b></td><td><b>System</b></td><td><b>Display</b></td></tr><tr><td style=\"white-space:nowrap\"><a name=\"http---hl7.org-fhir-sid-cvx-190\"> </a>\u00a0\u00a0190</td><td>http://hl7.org/fhir/sid/cvx</td><td>Typhoid conjugate vaccine (non-US)</td></tr></table></div>"
      },
      "url" : "http://fhir.org/guides/who/smart-immunization/ValueSet/TCVClassTyphoidVaccine-values",
      "version" : "0.1.0",
      "name" : "TCVClassTyphoidVaccinevalues",
      "title" : "TCV Class Typhoid Vaccine values",
      "status" : "draft",
      "experimental" : false,
      "date" : "2023-08-09T14:35:53+00:00",
      "jurisdiction" : [{
        "coding" : [{
          "system" : "http://unstats.un.org/unsd/methods/m49/m49.htm",
          "code" : "001"
        }]
      }],
      "immutable" : true,
      "expansion" : {
        "identifier" : "urn:uuid:10cd8b33-770a-498c-95a5-0e76137eeef6",
        "timestamp" : "2023-08-09T14:38:20+00:00",
        "total" : 1,
        "parameter" : [{
          "name" : "excludeNested",
          "valueBoolean" : false
        },
        {
          "name" : "version",
          "valueUri" : "null"
        },
        {
          "name" : "limitedExpansion",
          "valueBoolean" : true
        },
        {
          "name" : "version",
          "valueUri" : "http://hl7.org/fhir/sid/cvx|20210406"
        }],
        "contains" : [{
          "system" : "http://hl7.org/fhir/sid/cvx",
          "code" : "190",
          "display" : "Typhoid conjugate vaccine (non-US)"
        }]
      }
    }
  },
  {
    "fullUrl" : "http://fhir.org/guides/who/smart-immunization/ValueSet/Negativetestresult-values",
    "resource" : {
      "resourceType" : "ValueSet",
      "text" : {
        "status" : "generated",
        "div" : "<div xmlns=\"http://www.w3.org/1999/xhtml\"><p>This value set contains 1 concepts</p><p style=\"border: black 1px dotted; background-color: #EEEEEE; padding: 8px; margin-bottom: 8px\">Expansion based on SNOMED CT International edition 31-Jul 2023</p><table class=\"codes\"><tr><td style=\"white-space:nowrap\"><b>Code</b></td><td><b>System</b></td><td><b>Display</b></td></tr><tr><td style=\"white-space:nowrap\"><a name=\"http---snomed.info-sct-260385009\"> </a>\u00a0\u00a0<a href=\"http://snomed.info/id/260385009\">260385009</a></td><td>http://snomed.info/sct</td><td>Negative (qualifier value)</td></tr></table></div>"
      },
      "url" : "http://fhir.org/guides/who/smart-immunization/ValueSet/Negativetestresult-values",
      "version" : "0.1.0",
      "name" : "Negativetestresultvalues",
      "title" : "Negative Test Results",
      "status" : "draft",
      "experimental" : false,
      "date" : "2023-08-09T14:35:53+00:00",
      "jurisdiction" : [{
        "coding" : [{
          "system" : "http://unstats.un.org/unsd/methods/m49/m49.htm",
          "code" : "001"
        }]
      }],
      "immutable" : true,
      "expansion" : {
        "identifier" : "urn:uuid:005cb9e6-ccf4-420b-9abf-2176806bf176",
        "timestamp" : "2023-08-09T14:38:20+00:00",
        "total" : 1,
        "parameter" : [{
          "name" : "excludeNested",
          "valueBoolean" : false
        },
        {
          "name" : "version",
          "valueUri" : "null"
        },
        {
          "name" : "limitedExpansion",
          "valueBoolean" : true
        },
        {
          "name" : "version",
          "valueUri" : "http://snomed.info/sct|http://snomed.info/sct/900000000000207008/version/20230731"
        }],
        "contains" : [{
          "system" : "http://snomed.info/sct",
          "code" : "260385009",
          "display" : "Negative (qualifier value)"
        }]
      }
    }
  },
  {
    "fullUrl" : "http://fhir.org/guides/who/smart-immunization/ValueSet/Birthweight-values",
    "resource" : {
      "resourceType" : "ValueSet",
      "text" : {
        "status" : "generated",
        "div" : "<div xmlns=\"http://www.w3.org/1999/xhtml\"><p>This value set contains 3 concepts</p><div style=\"border: black 1px dotted; background-color: #EEEEEE; padding: 8px; margin-bottom: 8px\"><p>Expansion based on: </p><ul><li>Loinc v2.74</li><li>SNOMED CT International edition 31-Jul 2023</li></ul></div><table class=\"codes\"><tr><td style=\"white-space:nowrap\"><b>Code</b></td><td><b>System</b></td><td><b>Display</b></td></tr><tr><td style=\"white-space:nowrap\"><a name=\"http---snomed.info-sct-276610007\"> </a>\u00a0\u00a0<a href=\"http://snomed.info/id/276610007\">276610007</a></td><td>http://snomed.info/sct</td><td>Birthweight</td></tr><tr><td style=\"white-space:nowrap\"><a name=\"http---loinc.org-8339-4\"> </a>\u00a0\u00a0<a href=\"https://loinc.org/8339-4/\">8339-4</a></td><td>http://loinc.org</td><td>Birth weight Measured</td></tr><tr><td style=\"white-space:nowrap\"><a name=\"http---loinc.org-56056-5\"> </a>\u00a0\u00a0<a href=\"https://loinc.org/56056-5/\">56056-5</a></td><td>http://loinc.org</td><td>Birth weight - Reported</td></tr></table></div>"
      },
      "url" : "http://fhir.org/guides/who/smart-immunization/ValueSet/Birthweight-values",
      "version" : "0.1.0",
      "name" : "Birthweightvalues",
      "title" : "Birthweight valueset",
      "status" : "draft",
      "experimental" : false,
      "date" : "2023-08-09T14:35:53+00:00",
      "jurisdiction" : [{
        "coding" : [{
          "system" : "http://unstats.un.org/unsd/methods/m49/m49.htm",
          "code" : "001"
        }]
      }],
      "immutable" : true,
      "expansion" : {
        "identifier" : "urn:uuid:02f5c5be-cc55-4130-89d4-bc3fa54ab06d",
        "timestamp" : "2023-08-09T14:38:20+00:00",
        "total" : 3,
        "parameter" : [{
          "name" : "excludeNested",
          "valueBoolean" : false
        },
        {
          "name" : "version",
          "valueUri" : "null"
        },
        {
          "name" : "limitedExpansion",
          "valueBoolean" : true
        },
        {
          "name" : "version",
          "valueUri" : "http://snomed.info/sct|http://snomed.info/sct/900000000000207008/version/20230731"
        },
        {
          "name" : "excludeNested",
          "valueBoolean" : true
        },
        {
          "name" : "version",
          "valueUri" : "http://loinc.org|2.74"
        }],
        "contains" : [{
          "system" : "http://snomed.info/sct",
          "code" : "276610007",
          "display" : "Birthweight"
        },
        {
          "system" : "http://loinc.org",
          "code" : "8339-4",
          "display" : "Birth weight Measured"
        },
        {
          "system" : "http://loinc.org",
          "code" : "56056-5",
          "display" : "Birth weight - Reported"
        }]
      }
    }
  },
  {
    "fullUrl" : "http://fhir.org/guides/who/smart-immunization/ValueSet/TSTTestResult-values",
    "resource" : {
      "resourceType" : "ValueSet",
      "text" : {
        "status" : "generated",
        "div" : "<div xmlns=\"http://www.w3.org/1999/xhtml\"><p>This value set contains 1 concepts</p><p style=\"border: black 1px dotted; background-color: #EEEEEE; padding: 8px; margin-bottom: 8px\">Expansion based on SNOMED CT International edition 31-Jul 2023</p><table class=\"codes\"><tr><td style=\"white-space:nowrap\"><b>Code</b></td><td><b>System</b></td><td><b>Display</b></td></tr><tr><td style=\"white-space:nowrap\"><a name=\"http---snomed.info-sct-28163009\"> </a>\u00a0\u00a0<a href=\"http://snomed.info/id/28163009\">28163009</a></td><td>http://snomed.info/sct</td><td>Skin test for tuberculosis, Tine test (procedure)</td></tr></table></div>"
      },
      "url" : "http://fhir.org/guides/who/smart-immunization/ValueSet/TSTTestResult-values",
      "version" : "0.1.0",
      "name" : "TSTTestResultvalues",
      "title" : "TST Test Result values",
      "status" : "draft",
      "experimental" : false,
      "date" : "2023-08-09T14:35:53+00:00",
      "jurisdiction" : [{
        "coding" : [{
          "system" : "http://unstats.un.org/unsd/methods/m49/m49.htm",
          "code" : "001"
        }]
      }],
      "immutable" : true,
      "expansion" : {
        "identifier" : "urn:uuid:7cef2e2a-6328-4567-8565-98f3a06589fa",
        "timestamp" : "2023-08-09T14:38:20+00:00",
        "total" : 1,
        "parameter" : [{
          "name" : "excludeNested",
          "valueBoolean" : false
        },
        {
          "name" : "version",
          "valueUri" : "null"
        },
        {
          "name" : "limitedExpansion",
          "valueBoolean" : true
        },
        {
          "name" : "version",
          "valueUri" : "http://snomed.info/sct|http://snomed.info/sct/900000000000207008/version/20230731"
        }],
        "contains" : [{
          "system" : "http://snomed.info/sct",
          "code" : "28163009",
          "display" : "Skin test for tuberculosis, Tine test (procedure)"
        }]
      }
    }
  },
  {
    "fullUrl" : "http://fhir.org/guides/who/smart-immunization/ValueSet/FSMEImmunClassTBEVaccine-values",
    "resource" : {
      "resourceType" : "ValueSet",
      "text" : {
        "status" : "generated",
        "div" : "<div xmlns=\"http://www.w3.org/1999/xhtml\"><p>This value set contains 2 concepts</p><p style=\"border: black 1px dotted; background-color: #EEEEEE; padding: 8px; margin-bottom: 8px\">Expansion based on SNOMED CT International edition 31-Jul 2023</p><table class=\"codes\"><tr><td style=\"white-space:nowrap\"><b>Code</b></td><td><b>System</b></td><td><b>Display</b></td></tr><tr><td style=\"white-space:nowrap\"><a name=\"http---snomed.info-sct-871719005\"> </a>\u00a0\u00a0<a href=\"http://snomed.info/id/871719005\">871719005</a></td><td>http://snomed.info/sct</td><td>Vaccine product containing only Tick-borne encephalitis virus antigen (medicinal product)</td></tr><tr><td style=\"white-space:nowrap\"><a name=\"http---snomed.info-sct-836403007\"> </a>\u00a0\u00a0<a href=\"http://snomed.info/id/836403007\">836403007</a></td><td>http://snomed.info/sct</td><td>Vaccine product containing Tick-borne encephalitis virus antigen (medicinal product)</td></tr></table></div>"
      },
      "url" : "http://fhir.org/guides/who/smart-immunization/ValueSet/FSMEImmunClassTBEVaccine-values",
      "version" : "0.1.0",
      "name" : "FSMEImmunClassTBEVaccinevalues",
      "title" : "FSME-Immun Class TBE Vaccine values",
      "status" : "draft",
      "experimental" : false,
      "date" : "2023-08-09T14:35:53+00:00",
      "jurisdiction" : [{
        "coding" : [{
          "system" : "http://unstats.un.org/unsd/methods/m49/m49.htm",
          "code" : "001"
        }]
      }],
      "immutable" : true,
      "expansion" : {
        "identifier" : "urn:uuid:31d9b609-97ff-445a-be02-b6ada06da001",
        "timestamp" : "2023-08-09T14:38:21+00:00",
        "total" : 2,
        "parameter" : [{
          "name" : "excludeNested",
          "valueBoolean" : false
        },
        {
          "name" : "version",
          "valueUri" : "null"
        },
        {
          "name" : "limitedExpansion",
          "valueBoolean" : true
        },
        {
          "name" : "version",
          "valueUri" : "http://snomed.info/sct|http://snomed.info/sct/900000000000207008/version/20230731"
        }],
        "contains" : [{
          "system" : "http://snomed.info/sct",
          "code" : "871719005",
          "display" : "Vaccine product containing only Tick-borne encephalitis virus antigen (medicinal product)"
        },
        {
          "system" : "http://snomed.info/sct",
          "code" : "836403007",
          "display" : "Vaccine product containing Tick-borne encephalitis virus antigen (medicinal product)"
        }]
      }
    }
  },
  {
    "fullUrl" : "http://fhir.org/guides/who/smart-immunization/ValueSet/TBEMoscowClassTBEVaccine-values",
    "resource" : {
      "resourceType" : "ValueSet",
      "text" : {
        "status" : "generated",
        "div" : "<div xmlns=\"http://www.w3.org/1999/xhtml\"><p>This value set contains 2 concepts</p><p style=\"border: black 1px dotted; background-color: #EEEEEE; padding: 8px; margin-bottom: 8px\">Expansion based on SNOMED CT International edition 31-Jul 2023</p><table class=\"codes\"><tr><td style=\"white-space:nowrap\"><b>Code</b></td><td><b>System</b></td><td><b>Display</b></td></tr><tr><td style=\"white-space:nowrap\"><a name=\"http---snomed.info-sct-871719005\"> </a>\u00a0\u00a0<a href=\"http://snomed.info/id/871719005\">871719005</a></td><td>http://snomed.info/sct</td><td>Vaccine product containing only Tick-borne encephalitis virus antigen (medicinal product)</td></tr><tr><td style=\"white-space:nowrap\"><a name=\"http---snomed.info-sct-836403007\"> </a>\u00a0\u00a0<a href=\"http://snomed.info/id/836403007\">836403007</a></td><td>http://snomed.info/sct</td><td>Vaccine product containing Tick-borne encephalitis virus antigen (medicinal product)</td></tr></table></div>"
      },
      "url" : "http://fhir.org/guides/who/smart-immunization/ValueSet/TBEMoscowClassTBEVaccine-values",
      "version" : "0.1.0",
      "name" : "TBEMoscowClassTBEVaccinevalues",
      "title" : "TBE-Moscow Class TBE Vaccine values",
      "status" : "draft",
      "experimental" : false,
      "date" : "2023-08-09T14:35:53+00:00",
      "jurisdiction" : [{
        "coding" : [{
          "system" : "http://unstats.un.org/unsd/methods/m49/m49.htm",
          "code" : "001"
        }]
      }],
      "immutable" : true,
      "expansion" : {
        "identifier" : "urn:uuid:9b37e851-7bfd-40e8-a592-d42cb512b245",
        "timestamp" : "2023-08-09T14:38:21+00:00",
        "total" : 2,
        "parameter" : [{
          "name" : "excludeNested",
          "valueBoolean" : false
        },
        {
          "name" : "version",
          "valueUri" : "null"
        },
        {
          "name" : "limitedExpansion",
          "valueBoolean" : true
        },
        {
          "name" : "version",
          "valueUri" : "http://snomed.info/sct|http://snomed.info/sct/900000000000207008/version/20230731"
        }],
        "contains" : [{
          "system" : "http://snomed.info/sct",
          "code" : "871719005",
          "display" : "Vaccine product containing only Tick-borne encephalitis virus antigen (medicinal product)"
        },
        {
          "system" : "http://snomed.info/sct",
          "code" : "836403007",
          "display" : "Vaccine product containing Tick-borne encephalitis virus antigen (medicinal product)"
        }]
      }
    }
  },
  {
    "fullUrl" : "http://fhir.org/guides/who/smart-immunization/ValueSet/EnceVirClassTBEVaccine-values",
    "resource" : {
      "resourceType" : "ValueSet",
      "text" : {
        "status" : "generated",
        "div" : "<div xmlns=\"http://www.w3.org/1999/xhtml\"><p>This value set contains 2 concepts</p><p style=\"border: black 1px dotted; background-color: #EEEEEE; padding: 8px; margin-bottom: 8px\">Expansion based on SNOMED CT International edition 31-Jul 2023</p><table class=\"codes\"><tr><td style=\"white-space:nowrap\"><b>Code</b></td><td><b>System</b></td><td><b>Display</b></td></tr><tr><td style=\"white-space:nowrap\"><a name=\"http---snomed.info-sct-871719005\"> </a>\u00a0\u00a0<a href=\"http://snomed.info/id/871719005\">871719005</a></td><td>http://snomed.info/sct</td><td>Vaccine product containing only Tick-borne encephalitis virus antigen (medicinal product)</td></tr><tr><td style=\"white-space:nowrap\"><a name=\"http---snomed.info-sct-836403007\"> </a>\u00a0\u00a0<a href=\"http://snomed.info/id/836403007\">836403007</a></td><td>http://snomed.info/sct</td><td>Vaccine product containing Tick-borne encephalitis virus antigen (medicinal product)</td></tr></table></div>"
      },
      "url" : "http://fhir.org/guides/who/smart-immunization/ValueSet/EnceVirClassTBEVaccine-values",
      "version" : "0.1.0",
      "name" : "EnceVirClassTBEVaccinevalues",
      "title" : "EnceVir Class TBE Vaccine values",
      "status" : "draft",
      "experimental" : false,
      "date" : "2023-08-09T14:35:53+00:00",
      "jurisdiction" : [{
        "coding" : [{
          "system" : "http://unstats.un.org/unsd/methods/m49/m49.htm",
          "code" : "001"
        }]
      }],
      "immutable" : true,
      "expansion" : {
        "identifier" : "urn:uuid:0b699bcf-2c2e-4547-8c9c-5f51aaff8e51",
        "timestamp" : "2023-08-09T14:38:21+00:00",
        "total" : 2,
        "parameter" : [{
          "name" : "excludeNested",
          "valueBoolean" : false
        },
        {
          "name" : "version",
          "valueUri" : "null"
        },
        {
          "name" : "limitedExpansion",
          "valueBoolean" : true
        },
        {
          "name" : "version",
          "valueUri" : "http://snomed.info/sct|http://snomed.info/sct/900000000000207008/version/20230731"
        }],
        "contains" : [{
          "system" : "http://snomed.info/sct",
          "code" : "871719005",
          "display" : "Vaccine product containing only Tick-borne encephalitis virus antigen (medicinal product)"
        },
        {
          "system" : "http://snomed.info/sct",
          "code" : "836403007",
          "display" : "Vaccine product containing Tick-borne encephalitis virus antigen (medicinal product)"
        }]
      }
    }
  },
  {
    "fullUrl" : "http://fhir.org/guides/who/smart-immunization/ValueSet/Preterm-values",
    "resource" : {
      "resourceType" : "ValueSet",
      "text" : {
        "status" : "generated",
        "div" : "<div xmlns=\"http://www.w3.org/1999/xhtml\"><p>This value set contains 4 concepts</p><div style=\"border: black 1px dotted; background-color: #EEEEEE; padding: 8px; margin-bottom: 8px\"><p>Expansion based on: </p><ul><li>Loinc v2.74</li><li>SNOMED CT International edition 31-Jul 2023</li></ul></div><table class=\"codes\"><tr><td style=\"white-space:nowrap\"><b>Code</b></td><td><b>System</b></td><td><b>Display</b></td></tr><tr><td style=\"white-space:nowrap\"><a name=\"http---snomed.info-sct-367494004\"> </a>\u00a0\u00a0<a href=\"http://snomed.info/id/367494004\">367494004</a></td><td>http://snomed.info/sct</td><td>Premature birth of newborn (finding)</td></tr><tr><td style=\"white-space:nowrap\"><a name=\"http---snomed.info-sct-4886009\"> </a>\u00a0\u00a0<a href=\"http://snomed.info/id/4886009\">4886009</a></td><td>http://snomed.info/sct</td><td>Premature birth of newborn male (finding)</td></tr><tr><td style=\"white-space:nowrap\"><a name=\"http---snomed.info-sct-59403008\"> </a>\u00a0\u00a0<a href=\"http://snomed.info/id/59403008\">59403008</a></td><td>http://snomed.info/sct</td><td>Premature birth of newborn female (finding)</td></tr><tr><td style=\"white-space:nowrap\"><a name=\"http---loinc.org-76517-2\"> </a>\u00a0\u00a0<a href=\"https://loinc.org/76517-2/\">76517-2</a></td><td>http://loinc.org</td><td>Premature infant</td></tr></table></div>"
      },
      "url" : "http://fhir.org/guides/who/smart-immunization/ValueSet/Preterm-values",
      "version" : "0.1.0",
      "name" : "Pretermvalues",
      "title" : "Preterm valueset",
      "status" : "draft",
      "experimental" : false,
      "date" : "2023-08-09T14:35:53+00:00",
      "jurisdiction" : [{
        "coding" : [{
          "system" : "http://unstats.un.org/unsd/methods/m49/m49.htm",
          "code" : "001"
        }]
      }],
      "immutable" : true,
      "expansion" : {
        "identifier" : "urn:uuid:02e23c7a-f8e5-418c-a481-d4601230e5be",
        "timestamp" : "2023-08-09T14:38:21+00:00",
        "total" : 4,
        "parameter" : [{
          "name" : "excludeNested",
          "valueBoolean" : false
        },
        {
          "name" : "version",
          "valueUri" : "null"
        },
        {
          "name" : "limitedExpansion",
          "valueBoolean" : true
        },
        {
          "name" : "version",
          "valueUri" : "http://snomed.info/sct|http://snomed.info/sct/900000000000207008/version/20230731"
        },
        {
          "name" : "excludeNested",
          "valueBoolean" : true
        },
        {
          "name" : "version",
          "valueUri" : "http://loinc.org|2.74"
        }],
        "contains" : [{
          "system" : "http://snomed.info/sct",
          "code" : "367494004",
          "display" : "Premature birth of newborn (finding)"
        },
        {
          "system" : "http://snomed.info/sct",
          "code" : "4886009",
          "display" : "Premature birth of newborn male (finding)"
        },
        {
          "system" : "http://snomed.info/sct",
          "code" : "59403008",
          "display" : "Premature birth of newborn female (finding)"
        },
        {
          "system" : "http://loinc.org",
          "code" : "76517-2",
          "display" : "Premature infant"
        }]
      }
    }
  },
  {
    "fullUrl" : "http://fhir.org/guides/who/smart-immunization/ValueSet/InactivatedJE-values",
    "resource" : {
      "resourceType" : "ValueSet",
      "text" : {
        "status" : "generated",
        "div" : "<div xmlns=\"http://www.w3.org/1999/xhtml\"><p>This value set contains 1 concepts</p><p style=\"border: black 1px dotted; background-color: #EEEEEE; padding: 8px; margin-bottom: 8px\">Expansion based on SNOMED CT International edition 31-Jul 2023</p><table class=\"codes\"><tr><td style=\"white-space:nowrap\"><b>Code</b></td><td><b>System</b></td><td><b>Display</b></td></tr><tr><td style=\"white-space:nowrap\"><a name=\"http---snomed.info-sct-871725009\"> </a>\u00a0\u00a0<a href=\"http://snomed.info/id/871725009\">871725009</a></td><td>http://snomed.info/sct</td><td>Vaccine product containing only inactivated whole Japanese encephalitis virus antigen (medicinal product)</td></tr></table></div>"
      },
      "url" : "http://fhir.org/guides/who/smart-immunization/ValueSet/InactivatedJE-values",
      "version" : "0.1.0",
      "name" : "InactivatedJEvalues",
      "title" : "Inactivated Vero cell-derived Japanese Encephalitis vaccines valueset",
      "status" : "draft",
      "experimental" : false,
      "date" : "2023-08-09T14:35:53+00:00",
      "jurisdiction" : [{
        "coding" : [{
          "system" : "http://unstats.un.org/unsd/methods/m49/m49.htm",
          "code" : "001"
        }]
      }],
      "immutable" : true,
      "expansion" : {
        "identifier" : "urn:uuid:6fcf589a-3e95-494b-ab10-bc3dfb13bfbc",
        "timestamp" : "2023-08-09T14:38:21+00:00",
        "total" : 1,
        "parameter" : [{
          "name" : "excludeNested",
          "valueBoolean" : false
        },
        {
          "name" : "version",
          "valueUri" : "null"
        },
        {
          "name" : "limitedExpansion",
          "valueBoolean" : true
        },
        {
          "name" : "version",
          "valueUri" : "http://snomed.info/sct|http://snomed.info/sct/900000000000207008/version/20230731"
        }],
        "contains" : [{
          "system" : "http://snomed.info/sct",
          "code" : "871725009",
          "display" : "Vaccine product containing only inactivated whole Japanese encephalitis virus antigen (medicinal product)"
        }]
      }
    }
  },
  {
    "fullUrl" : "http://fhir.org/guides/who/smart-immunization/ValueSet/WCClassCholeraVaccine-values",
    "resource" : {
      "resourceType" : "ValueSet",
      "text" : {
        "status" : "generated",
        "div" : "<div xmlns=\"http://www.w3.org/1999/xhtml\"><p>This value set contains 1 concepts</p><p style=\"border: black 1px dotted; background-color: #EEEEEE; padding: 8px; margin-bottom: 8px\">Expansion based on SNOMED CT International edition 31-Jul 2023</p><table class=\"codes\"><tr><td style=\"white-space:nowrap\"><b>Code</b></td><td><b>System</b></td><td><b>Display</b></td></tr><tr><td style=\"white-space:nowrap\"><a name=\"http---snomed.info-sct-991000221105\"> </a>\u00a0\u00a0<a href=\"http://snomed.info/id/991000221105\">991000221105</a></td><td>http://snomed.info/sct</td><td>Vaccine product containing only Vibrio cholerae antigen (medicinal product)</td></tr></table></div>"
      },
      "url" : "http://fhir.org/guides/who/smart-immunization/ValueSet/WCClassCholeraVaccine-values",
      "version" : "0.1.0",
      "name" : "WCClassCholeraVaccinevalues",
      "title" : "WC Class Cholera Vaccine values",
      "status" : "draft",
      "experimental" : false,
      "date" : "2023-08-09T14:35:53+00:00",
      "jurisdiction" : [{
        "coding" : [{
          "system" : "http://unstats.un.org/unsd/methods/m49/m49.htm",
          "code" : "001"
        }]
      }],
      "immutable" : true,
      "expansion" : {
        "identifier" : "urn:uuid:6f2a49d1-627e-4431-85bc-bb10b02ec03b",
        "timestamp" : "2023-08-09T14:38:21+00:00",
        "total" : 1,
        "parameter" : [{
          "name" : "excludeNested",
          "valueBoolean" : false
        },
        {
          "name" : "version",
          "valueUri" : "null"
        },
        {
          "name" : "limitedExpansion",
          "valueBoolean" : true
        },
        {
          "name" : "version",
          "valueUri" : "http://snomed.info/sct|http://snomed.info/sct/900000000000207008/version/20230731"
        }],
        "contains" : [{
          "system" : "http://snomed.info/sct",
          "code" : "991000221105",
          "display" : "Vaccine product containing only Vibrio cholerae antigen (medicinal product)"
        }]
      }
    }
  },
  {
    "fullUrl" : "http://fhir.org/guides/who/smart-immunization/ValueSet/Immunocompromised-values",
    "resource" : {
      "resourceType" : "ValueSet",
      "text" : {
        "status" : "generated",
        "div" : "<div xmlns=\"http://www.w3.org/1999/xhtml\"><p>This value set contains 2 concepts</p><p style=\"border: black 1px dotted; background-color: #EEEEEE; padding: 8px; margin-bottom: 8px\">Expansion based on SNOMED CT International edition 31-Jul 2023</p><table class=\"codes\"><tr><td style=\"white-space:nowrap\"><b>Code</b></td><td><b>System</b></td><td><b>Display</b></td></tr><tr><td style=\"white-space:nowrap\"><a name=\"http---snomed.info-sct-370388006\"> </a>\u00a0\u00a0<a href=\"http://snomed.info/id/370388006\">370388006</a></td><td>http://snomed.info/sct</td><td>Patient immunocompromised</td></tr><tr><td style=\"white-space:nowrap\"><a name=\"http---snomed.info-sct-370391006\"> </a>\u00a0\u00a0<a href=\"http://snomed.info/id/370391006\">370391006</a></td><td>http://snomed.info/sct</td><td>Patient immunosuppressed</td></tr></table></div>"
      },
      "url" : "http://fhir.org/guides/who/smart-immunization/ValueSet/Immunocompromised-values",
      "version" : "0.1.0",
      "name" : "Immunocompromisedvalues",
      "title" : "Immunocompromised valueset",
      "status" : "draft",
      "experimental" : false,
      "date" : "2023-08-09T14:35:53+00:00",
      "jurisdiction" : [{
        "coding" : [{
          "system" : "http://unstats.un.org/unsd/methods/m49/m49.htm",
          "code" : "001"
        }]
      }],
      "immutable" : true,
      "expansion" : {
        "identifier" : "urn:uuid:ca84dd2b-3222-4e11-92ae-29056660156d",
        "timestamp" : "2023-08-09T14:38:21+00:00",
        "total" : 2,
        "parameter" : [{
          "name" : "excludeNested",
          "valueBoolean" : false
        },
        {
          "name" : "version",
          "valueUri" : "null"
        },
        {
          "name" : "limitedExpansion",
          "valueBoolean" : true
        },
        {
          "name" : "version",
          "valueUri" : "http://snomed.info/sct|http://snomed.info/sct/900000000000207008/version/20230731"
        }],
        "contains" : [{
          "system" : "http://snomed.info/sct",
          "code" : "370388006",
          "display" : "Patient immunocompromised"
        },
        {
          "system" : "http://snomed.info/sct",
          "code" : "370391006",
          "display" : "Patient immunosuppressed"
        }]
      }
    }
  },
  {
    "fullUrl" : "http://fhir.org/guides/who/smart-immunization/ValueSet/IGRATestResult-values",
    "resource" : {
      "resourceType" : "ValueSet",
      "text" : {
        "status" : "generated",
        "div" : "<div xmlns=\"http://www.w3.org/1999/xhtml\"><p>This value set contains 1 concepts</p><p style=\"border: black 1px dotted; background-color: #EEEEEE; padding: 8px; margin-bottom: 8px\">Expansion based on SNOMED CT International edition 31-Jul 2023</p><table class=\"codes\"><tr><td style=\"white-space:nowrap\"><b>Code</b></td><td><b>System</b></td><td><b>Display</b></td></tr><tr><td style=\"white-space:nowrap\"><a name=\"http---snomed.info-sct-35140007\"> </a>\u00a0\u00a0<a href=\"http://snomed.info/id/35140007\">35140007</a></td><td>http://snomed.info/sct</td><td>Interferon gamma assay (procedure)</td></tr></table></div>"
      },
      "url" : "http://fhir.org/guides/who/smart-immunization/ValueSet/IGRATestResult-values",
      "version" : "0.1.0",
      "name" : "IGRATestResultvalues",
      "title" : "IGRA Test Result values",
      "status" : "draft",
      "experimental" : false,
      "date" : "2023-08-09T14:35:53+00:00",
      "jurisdiction" : [{
        "coding" : [{
          "system" : "http://unstats.un.org/unsd/methods/m49/m49.htm",
          "code" : "001"
        }]
      }],
      "immutable" : true,
      "expansion" : {
        "identifier" : "urn:uuid:249551d0-85f1-4fdb-afb1-ef91bd89204c",
        "timestamp" : "2023-08-09T14:38:21+00:00",
        "total" : 1,
        "parameter" : [{
          "name" : "excludeNested",
          "valueBoolean" : false
        },
        {
          "name" : "version",
          "valueUri" : "null"
        },
        {
          "name" : "limitedExpansion",
          "valueBoolean" : true
        },
        {
          "name" : "version",
          "valueUri" : "http://snomed.info/sct|http://snomed.info/sct/900000000000207008/version/20230731"
        }],
        "contains" : [{
          "system" : "http://snomed.info/sct",
          "code" : "35140007",
          "display" : "Interferon gamma assay (procedure)"
        }]
      }
    }
  },
  {
    "fullUrl" : "http://fhir.org/guides/who/smart-immunization/ValueSet/VNAlevelsRabies-values",
    "resource" : {
      "resourceType" : "ValueSet",
      "text" : {
        "status" : "generated",
        "div" : "<div xmlns=\"http://www.w3.org/1999/xhtml\"><p>This value set contains 7 concepts</p><div style=\"border: black 1px dotted; background-color: #EEEEEE; padding: 8px; margin-bottom: 8px\"><p>Expansion based on: </p><ul><li>Loinc v2.74</li><li>SNOMED CT International edition 31-Jul 2023</li></ul></div><table class=\"codes\"><tr><td style=\"white-space:nowrap\"><b>Code</b></td><td><b>System</b></td><td><b>Display</b></td></tr><tr><td style=\"white-space:nowrap\"><a name=\"http---loinc.org-70859-4\"> </a>\u00a0\u00a0<a href=\"https://loinc.org/70859-4/\">70859-4</a></td><td>http://loinc.org</td><td>Rabies virus neutralizing antibody [Presence] in Cerebral spinal fluid by Neutralization test</td></tr><tr><td style=\"white-space:nowrap\"><a name=\"http---loinc.org-6527-6\"> </a>\u00a0\u00a0<a href=\"https://loinc.org/6527-6/\">6527-6</a></td><td>http://loinc.org</td><td>Rabies virus neutralizing antibody [Units/volume] in Specimen by Neutralization test</td></tr><tr><td style=\"white-space:nowrap\"><a name=\"http---loinc.org-6523-5\"> </a>\u00a0\u00a0<a href=\"https://loinc.org/6523-5/\">6523-5</a></td><td>http://loinc.org</td><td>Rabies virus neutralizing antibody [Units/volume] in Cerebral spinal fluid by Neutralization test</td></tr><tr><td style=\"white-space:nowrap\"><a name=\"http---loinc.org-6525-0\"> </a>\u00a0\u00a0<a href=\"https://loinc.org/6525-0/\">6525-0</a></td><td>http://loinc.org</td><td>Rabies virus neutralizing antibody [Units/volume] in Tissue by Neutralization test</td></tr><tr><td style=\"white-space:nowrap\"><a name=\"http---loinc.org-6524-3\"> </a>\u00a0\u00a0<a href=\"https://loinc.org/6524-3/\">6524-3</a></td><td>http://loinc.org</td><td>Rabies virus neutralizing antibody [Units/volume] in Serum by Neutralization test</td></tr><tr><td style=\"white-space:nowrap\"><a name=\"http---loinc.org-43980-2\"> </a>\u00a0\u00a0<a href=\"https://loinc.org/43980-2/\">43980-2</a></td><td>http://loinc.org</td><td>Rabies virus neutralizing antibody [Titer] in Serum by Neutralization test</td></tr><tr><td style=\"white-space:nowrap\"><a name=\"http---snomed.info-sct-122078009\"> </a>\u00a0\u00a0<a href=\"http://snomed.info/id/122078009\">122078009</a></td><td>http://snomed.info/sct</td><td>Measurement of Rabies virus antibody (procedure)</td></tr></table></div>"
      },
      "url" : "http://fhir.org/guides/who/smart-immunization/ValueSet/VNAlevelsRabies-values",
      "version" : "0.1.0",
      "name" : "VNAlevelsRabiesvalues",
      "title" : "VNA Level Rabies valueset",
      "status" : "draft",
      "experimental" : false,
      "date" : "2023-08-09T14:35:53+00:00",
      "jurisdiction" : [{
        "coding" : [{
          "system" : "http://unstats.un.org/unsd/methods/m49/m49.htm",
          "code" : "001"
        }]
      }],
      "immutable" : true,
      "expansion" : {
        "identifier" : "urn:uuid:3ff409b6-d1fa-4223-b8ae-e84bcb176194",
        "timestamp" : "2023-08-09T14:38:22+00:00",
        "total" : 7,
        "parameter" : [{
          "name" : "excludeNested",
          "valueBoolean" : false
        },
        {
          "name" : "version",
          "valueUri" : "null"
        },
        {
          "name" : "limitedExpansion",
          "valueBoolean" : true
        },
        {
          "name" : "version",
          "valueUri" : "http://loinc.org|2.74"
        },
        {
          "name" : "excludeNested",
          "valueBoolean" : true
        },
        {
          "name" : "version",
          "valueUri" : "http://snomed.info/sct|http://snomed.info/sct/900000000000207008/version/20230731"
        }],
        "contains" : [{
          "system" : "http://loinc.org",
          "code" : "70859-4",
          "display" : "Rabies virus neutralizing antibody [Presence] in Cerebral spinal fluid by Neutralization test"
        },
        {
          "system" : "http://loinc.org",
          "code" : "6527-6",
          "display" : "Rabies virus neutralizing antibody [Units/volume] in Specimen by Neutralization test"
        },
        {
          "system" : "http://loinc.org",
          "code" : "6523-5",
          "display" : "Rabies virus neutralizing antibody [Units/volume] in Cerebral spinal fluid by Neutralization test"
        },
        {
          "system" : "http://loinc.org",
          "code" : "6525-0",
          "display" : "Rabies virus neutralizing antibody [Units/volume] in Tissue by Neutralization test"
        },
        {
          "system" : "http://loinc.org",
          "code" : "6524-3",
          "display" : "Rabies virus neutralizing antibody [Units/volume] in Serum by Neutralization test"
        },
        {
          "system" : "http://loinc.org",
          "code" : "43980-2",
          "display" : "Rabies virus neutralizing antibody [Titer] in Serum by Neutralization test"
        },
        {
          "system" : "http://snomed.info/sct",
          "code" : "122078009",
          "display" : "Measurement of Rabies virus antibody (procedure)"
        }]
      }
    }
  }]
}