{
  "resourceType" : "PlanDefinition",
  "id" : "IMMZ.DT.18.Rabies",
  "text" : {
    "status" : "generated",
    "div" : "<div xmlns=\"http://www.w3.org/1999/xhtml\"><p><b>Generated Narrative: PlanDefinition</b><a name=\"IMMZ.DT.18.Rabies\"> </a></p><div style=\"display: inline-block; background-color: #d9e0e7; padding: 6px; margin: 4px; border: 1px solid #8da1b4; border-radius: 5px; line-height: 60%\"><p style=\"margin-bottom: 0px\">Resource PlanDefinition &quot;IMMZ.DT.18.Rabies&quot; </p></div><p><b>url</b>: <code>http://fhir.org/guides/who/smart-immunization/PlanDefinition/IMMZ.DT.18.Rabies</code></p><p><b>version</b>: 0.1.0</p><p><b>name</b>: IMMZ.DT.18.Rabies</p><p><b>title</b>: IMMZ.DT.18.Rabies</p><p><b>status</b>: draft</p><p><b>date</b>: 2023-08-09 14:35:53+0000</p><p><b>publisher</b>: World Health Organization (WHO)</p><p><b>description</b>: If patient has not been vaccinated, give Rabies vaccine</p><p><b>jurisdiction</b>: Global (Whole world) <span style=\"background: LightGoldenRodYellow; margin: 4px; border: 1px solid khaki\"> (m49.htm#001)</span></p><p><b>library</b>: <a href=\"Library-library-IMMZDT18.html\">IMMZDT18</a></p><blockquote><p><b>action</b></p><p><b>title</b>: Immunize Patient for Rabies (PrEP strategy) - No Doses</p><p><b>description</b>: Provide Rabies immunizations – using the &quot;PrEP vaccination strategy – NO PREVIOUS&quot; schedule (2 dose scheme)</p><blockquote><p><b>condition</b></p><p><b>kind</b>: applicability</p><h3>Expressions</h3><table class=\"grid\"><tr><td style=\"display: none\">-</td><td><b>Description</b></td><td><b>Language</b></td><td><b>Expression</b></td></tr><tr><td style=\"display: none\">*</td><td>&quot;Rabies vaccine immunization history&quot; = &quot;No-doses&quot;</td><td>text/cql</td><td>Should vaccinate patient with Rabies vaccine (PrEP strategy) on 2 dose scheme</td></tr></table></blockquote><blockquote><p><b>condition</b></p><p><b>kind</b>: applicability</p><h3>Expressions</h3><table class=\"grid\"><tr><td style=\"display: none\">-</td><td><b>Description</b></td><td><b>Language</b></td><td><b>Expression</b></td></tr><tr><td style=\"display: none\">*</td><td>&quot;Individual is at high risk of RABV exposure&quot; = TRUE</td><td>text/cql</td><td>Should vaccinate patient with Rabies vaccine (PrEP strategy) on 2 dose scheme</td></tr></table></blockquote><p><b>definition</b>: <a href=\"ActivityDefinition-IMMZ.DT.18.Rabies.01.html\">IMMZ.DT.18.Rabies.01</a></p></blockquote><blockquote><p><b>action</b></p><p><b>title</b>: Immunize Patient for Rabies (PrEP strategy) - 1 Dose</p><p><b>description</b>: Provide Rabies immunizations – using the &quot;PrEP vaccination strategy – 1 PREVIOUS&quot; schedule (2 dose scheme)</p><blockquote><p><b>condition</b></p><p><b>kind</b>: applicability</p><h3>Expressions</h3><table class=\"grid\"><tr><td style=\"display: none\">-</td><td><b>Description</b></td><td><b>Language</b></td><td><b>Expression</b></td></tr><tr><td style=\"display: none\">*</td><td>&quot;Rabies vaccine immunization history&quot; = &quot;1 dose&quot;</td><td>text/cql</td><td>Should vaccinate patient with Rabies vaccine (PrEP strategy) on 2 dose scheme</td></tr></table></blockquote><blockquote><p><b>condition</b></p><p><b>kind</b>: applicability</p><h3>Expressions</h3><table class=\"grid\"><tr><td style=\"display: none\">-</td><td><b>Description</b></td><td><b>Language</b></td><td><b>Expression</b></td></tr><tr><td style=\"display: none\">*</td><td>&quot;Date last Rabies dose given&quot; &gt;= &quot;7 days&quot;</td><td>text/cql</td><td>Should vaccinate patient with Rabies vaccine (PrEP strategy) on 2 dose scheme</td></tr></table></blockquote><p><b>definition</b>: <a href=\"ActivityDefinition-IMMZ.DT.18.Rabies.02.html\">IMMZ.DT.18.Rabies.02</a></p></blockquote><blockquote><p><b>action</b></p><p><b>title</b>: Immunize Patient for Rabies vaccine Booster (PrEP strategy)</p><p><b>description</b>: Provide Rabies immunizations – using the &quot;PrEP vaccination strategy – BOOSTER&quot; schedule (1 dose booster)</p><blockquote><p><b>condition</b></p><p><b>kind</b>: applicability</p><h3>Expressions</h3><table class=\"grid\"><tr><td style=\"display: none\">-</td><td><b>Description</b></td><td><b>Language</b></td><td><b>Expression</b></td></tr><tr><td style=\"display: none\">*</td><td>&quot;Individual has continual or frequent risk of exposure (i.e. occupational)&quot; = TRUE</td><td>text/cql</td><td>Should vaccinate patient with Rabies vaccine Booster (PrEP strategy)</td></tr></table></blockquote><blockquote><p><b>condition</b></p><p><b>kind</b>: applicability</p><h3>Expressions</h3><table class=\"grid\"><tr><td style=\"display: none\">-</td><td><b>Description</b></td><td><b>Language</b></td><td><b>Expression</b></td></tr><tr><td style=\"display: none\">*</td><td>&quot;VNA levels&quot; &lt; &quot;0.5 IU/mL&quot;</td><td>text/cql</td><td>Should vaccinate patient with Rabies vaccine Booster (PrEP strategy)</td></tr></table></blockquote><p><b>definition</b>: <a href=\"ActivityDefinition-IMMZ.DT.18.Rabies.03.html\">IMMZ.DT.18.Rabies.03</a></p></blockquote></div>"
  },
  "url" : "http://fhir.org/guides/who/smart-immunization/PlanDefinition/IMMZ.DT.18.Rabies",
  "version" : "0.1.0",
  "name" : "IMMZ.DT.18.Rabies",
  "title" : "IMMZ.DT.18.Rabies",
  "status" : "draft",
  "date" : "2023-08-09T14:35:53+00:00",
  "publisher" : "World Health Organization (WHO)",
  "description" : "If patient has not been vaccinated, give Rabies vaccine",
  "jurisdiction" : [{
    "coding" : [{
      "system" : "http://unstats.un.org/unsd/methods/m49/m49.htm",
      "code" : "001"
    }]
  }],
  "library" : ["http://fhir.org/guides/who/smart-immunization/Library/IMMZDT18"],
  "action" : [{
    "title" : "Immunize Patient for Rabies (PrEP strategy) - No Doses",
    "description" : "Provide Rabies immunizations – using the \"PrEP vaccination strategy – NO PREVIOUS\" schedule (2 dose scheme)",
    "condition" : [{
      "kind" : "applicability",
      "expression" : {
        "description" : "\"Rabies vaccine immunization history\" = \"No-doses\"",
        "language" : "text/cql",
        "expression" : "Should vaccinate patient with Rabies vaccine (PrEP strategy) on 2 dose scheme"
      }
    },
    {
      "kind" : "applicability",
      "expression" : {
        "description" : "\"Individual is at high risk of RABV exposure\" = TRUE",
        "language" : "text/cql",
        "expression" : "Should vaccinate patient with Rabies vaccine (PrEP strategy) on 2 dose scheme"
      }
    }],
    "definitionCanonical" : "http://fhir.org/guides/who/smart-immunization/ActivityDefinition/IMMZ.DT.18.Rabies.01"
  },
  {
    "title" : "Immunize Patient for Rabies (PrEP strategy) - 1 Dose",
    "description" : "Provide Rabies immunizations – using the \"PrEP vaccination strategy – 1 PREVIOUS\" schedule (2 dose scheme)",
    "condition" : [{
      "kind" : "applicability",
      "expression" : {
        "description" : "\"Rabies vaccine immunization history\" = \"1 dose\"",
        "language" : "text/cql",
        "expression" : "Should vaccinate patient with Rabies vaccine (PrEP strategy) on 2 dose scheme"
      }
    },
    {
      "kind" : "applicability",
      "expression" : {
        "description" : "\"Date last Rabies dose given\" >= \"7 days\"",
        "language" : "text/cql",
        "expression" : "Should vaccinate patient with Rabies vaccine (PrEP strategy) on 2 dose scheme"
      }
    }],
    "definitionCanonical" : "http://fhir.org/guides/who/smart-immunization/ActivityDefinition/IMMZ.DT.18.Rabies.02"
  },
  {
    "title" : "Immunize Patient for Rabies vaccine Booster (PrEP strategy)",
    "description" : "Provide Rabies immunizations – using the \"PrEP vaccination strategy – BOOSTER\" schedule (1 dose booster)",
    "condition" : [{
      "kind" : "applicability",
      "expression" : {
        "description" : "\"Individual has continual or frequent risk of exposure (i.e. occupational)\" = TRUE",
        "language" : "text/cql",
        "expression" : "Should vaccinate patient with Rabies vaccine Booster (PrEP strategy)"
      }
    },
    {
      "kind" : "applicability",
      "expression" : {
        "description" : "\"VNA levels\" < \"0.5 IU/mL\"",
        "language" : "text/cql",
        "expression" : "Should vaccinate patient with Rabies vaccine Booster (PrEP strategy)"
      }
    }],
    "definitionCanonical" : "http://fhir.org/guides/who/smart-immunization/ActivityDefinition/IMMZ.DT.18.Rabies.03"
  }]
}