{
  "resourceType" : "PlanDefinition",
  "id" : "IMMZ.DT.21.SeasonalInfluenza",
  "text" : {
    "status" : "generated",
    "div" : "<div xmlns=\"http://www.w3.org/1999/xhtml\"><p><b>Generated Narrative: PlanDefinition</b><a name=\"IMMZ.DT.21.SeasonalInfluenza\"> </a></p><div style=\"display: inline-block; background-color: #d9e0e7; padding: 6px; margin: 4px; border: 1px solid #8da1b4; border-radius: 5px; line-height: 60%\"><p style=\"margin-bottom: 0px\">Resource PlanDefinition &quot;IMMZ.DT.21.SeasonalInfluenza&quot; </p></div><p><b>url</b>: <code>http://fhir.org/guides/who/smart-immunization/PlanDefinition/IMMZ.DT.21.SeasonalInfluenza</code></p><p><b>version</b>: 0.1.0</p><p><b>name</b>: IMMZ.DT.21.SeasonalInfluenza</p><p><b>title</b>: IMMZ.DT.21.SeasonalInfluenza</p><p><b>status</b>: draft</p><p><b>date</b>: 2023-08-09 14:35:53+0000</p><p><b>publisher</b>: World Health Organization (WHO)</p><p><b>description</b>: If child or person has not been vaccinated, give Seasonal Influenza vaccine at 6 months of age, and then once a year.</p><p><b>jurisdiction</b>: Global (Whole world) <span style=\"background: LightGoldenRodYellow; margin: 4px; border: 1px solid khaki\"> (m49.htm#001)</span></p><p><b>library</b>: <a href=\"Library-IMMZDT21.html\">IMMZDT21</a></p><blockquote><p><b>action</b></p><p><b>title</b>: Immunize Patient for Seasonal influenza - No Doses at 6 months old</p><p><b>description</b>: Provide Seasonal influenza immunizations – using the &quot;Seasonal influenza vaccine immunization – NO PREVIOUS&quot; schedule (2 dose scheme)</p><blockquote><p><b>condition</b></p><p><b>kind</b>: applicability</p><h3>Expressions</h3><table class=\"grid\"><tr><td style=\"display: none\">-</td><td><b>Description</b></td><td><b>Language</b></td><td><b>Expression</b></td></tr><tr><td style=\"display: none\">*</td><td>&quot;Seasonal influenza vaccine immunization history&quot; = &quot;No-doses&quot;</td><td>text/cql</td><td>Should vaccinate patient for Seasonal influenza because no doses at 6 months old in a 2 dose scheme</td></tr></table></blockquote><blockquote><p><b>condition</b></p><p><b>kind</b>: applicability</p><h3>Expressions</h3><table class=\"grid\"><tr><td style=\"display: none\">-</td><td><b>Description</b></td><td><b>Language</b></td><td><b>Expression</b></td></tr><tr><td style=\"display: none\">*</td><td>&quot;Current Patient Age in Months&quot; &gt;= 6</td><td>text/cql</td><td>Should vaccinate patient for Seasonal influenza because no doses at 6 months old in a 2 dose scheme</td></tr></table></blockquote><p><b>definition</b>: <a href=\"ActivityDefinition-IMMZ.DT.21.SeasonalInfluenza.01.html\">IMMZ.DT.21.SeasonalInfluenza.01</a></p></blockquote><blockquote><p><b>action</b></p><p><b>title</b>: Immunize Patient for Seasonal influenza - 1st Dose given 4 weeks ago</p><p><b>description</b>: Provide Seasonal influenza immunizations – using the &quot;Seasonal influenza vaccine immunization – 1 PREVIOUS&quot; schedule (2 dose scheme)</p><blockquote><p><b>condition</b></p><p><b>kind</b>: applicability</p><h3>Expressions</h3><table class=\"grid\"><tr><td style=\"display: none\">-</td><td><b>Description</b></td><td><b>Language</b></td><td><b>Expression</b></td></tr><tr><td style=\"display: none\">*</td><td>&quot;Seasonal influenza vaccine immunization history&quot; = &quot;1 dose&quot;</td><td>text/cql</td><td>Should vaccinate patient for Seasonal influenza because 1st dose was given 4 weeks ago in a 2 dose scheme</td></tr></table></blockquote><blockquote><p><b>condition</b></p><p><b>kind</b>: applicability</p><h3>Expressions</h3><table class=\"grid\"><tr><td style=\"display: none\">-</td><td><b>Description</b></td><td><b>Language</b></td><td><b>Expression</b></td></tr><tr><td style=\"display: none\">*</td><td>&quot;Date last Seasonal Influenza dose given&quot; &gt;= &quot;4 weeks&quot;</td><td>text/cql</td><td>Should vaccinate patient for Seasonal influenza because 1st dose was given 4 weeks ago in a 2 dose scheme</td></tr></table></blockquote><blockquote><p><b>condition</b></p><p><b>kind</b>: applicability</p><h3>Expressions</h3><table class=\"grid\"><tr><td style=\"display: none\">-</td><td><b>Description</b></td><td><b>Language</b></td><td><b>Expression</b></td></tr><tr><td style=\"display: none\">*</td><td>&quot;Current Patient Age in Years&quot; &lt; 9</td><td>text/cql</td><td>Should vaccinate patient for Seasonal influenza because 1st dose was given 4 weeks ago in a 2 dose scheme</td></tr></table></blockquote><p><b>definition</b>: <a href=\"ActivityDefinition-IMMZ.DT.21.SeasonalInfluenza.02.html\">IMMZ.DT.21.SeasonalInfluenza.02</a></p></blockquote><blockquote><p><b>action</b></p><p><b>title</b>: Immunize Patient for Seasonal influenza - Annual Re-vaccination</p><p><b>description</b>: Provide Seasonal influenza revaccination – using the &quot;Seasonal influenza vaccine immunization – Annual dose&quot; schedule (1 dose scheme)</p><blockquote><p><b>condition</b></p><p><b>kind</b>: applicability</p><h3>Expressions</h3><table class=\"grid\"><tr><td style=\"display: none\">-</td><td><b>Description</b></td><td><b>Language</b></td><td><b>Expression</b></td></tr><tr><td style=\"display: none\">*</td><td>&quot;Patient has completed Seasonal influenza primary series&quot; = TRUE</td><td>text/cql</td><td>Should Re-vaccinate patient for Seasonal influenza - Annual dose</td></tr></table></blockquote><blockquote><p><b>condition</b></p><p><b>kind</b>: applicability</p><h3>Expressions</h3><table class=\"grid\"><tr><td style=\"display: none\">-</td><td><b>Description</b></td><td><b>Language</b></td><td><b>Expression</b></td></tr><tr><td style=\"display: none\">*</td><td>&quot;Date last Seasonal Influenza dose given&quot; &gt;= &quot;1 year&quot;</td><td>text/cql</td><td>Should Re-vaccinate patient for Seasonal influenza - Annual dose</td></tr></table></blockquote><p><b>definition</b>: <a href=\"ActivityDefinition-IMMZ.DT.21.SeasonalInfluenza.03.html\">IMMZ.DT.21.SeasonalInfluenza.03</a></p></blockquote></div>"
  },
  "url" : "http://fhir.org/guides/who/smart-immunization/PlanDefinition/IMMZ.DT.21.SeasonalInfluenza",
  "version" : "0.1.0",
  "name" : "IMMZ.DT.21.SeasonalInfluenza",
  "title" : "IMMZ.DT.21.SeasonalInfluenza",
  "status" : "draft",
  "date" : "2023-08-09T14:35:53+00:00",
  "publisher" : "World Health Organization (WHO)",
  "description" : "If child or person has not been vaccinated, give Seasonal Influenza vaccine at 6 months of age, and then once a year.",
  "jurisdiction" : [{
    "coding" : [{
      "system" : "http://unstats.un.org/unsd/methods/m49/m49.htm",
      "code" : "001"
    }]
  }],
  "library" : ["http://fhir.org/guides/who/smart-immunization/Library/IMMZDT21"],
  "action" : [{
    "title" : "Immunize Patient for Seasonal influenza - No Doses at 6 months old",
    "description" : "Provide Seasonal influenza immunizations – using the \"Seasonal influenza vaccine immunization – NO PREVIOUS\" schedule (2 dose scheme)",
    "condition" : [{
      "kind" : "applicability",
      "expression" : {
        "description" : "\"Seasonal influenza vaccine immunization history\" = \"No-doses\"",
        "language" : "text/cql",
        "expression" : "Should vaccinate patient for Seasonal influenza because no doses at 6 months old in a 2 dose scheme"
      }
    },
    {
      "kind" : "applicability",
      "expression" : {
        "description" : "\"Current Patient Age in Months\" >= 6",
        "language" : "text/cql",
        "expression" : "Should vaccinate patient for Seasonal influenza because no doses at 6 months old in a 2 dose scheme"
      }
    }],
    "definitionCanonical" : "http://fhir.org/guides/who/smart-immunization/ActivityDefinition/IMMZ.DT.21.SeasonalInfluenza.01"
  },
  {
    "title" : "Immunize Patient for Seasonal influenza - 1st Dose given 4 weeks ago",
    "description" : "Provide Seasonal influenza immunizations – using the \"Seasonal influenza vaccine immunization – 1 PREVIOUS\" schedule (2 dose scheme)",
    "condition" : [{
      "kind" : "applicability",
      "expression" : {
        "description" : "\"Seasonal influenza vaccine immunization history\" = \"1 dose\"",
        "language" : "text/cql",
        "expression" : "Should vaccinate patient for Seasonal influenza because 1st dose was given 4 weeks ago in a 2 dose scheme"
      }
    },
    {
      "kind" : "applicability",
      "expression" : {
        "description" : "\"Date last Seasonal Influenza dose given\" >= \"4 weeks\"",
        "language" : "text/cql",
        "expression" : "Should vaccinate patient for Seasonal influenza because 1st dose was given 4 weeks ago in a 2 dose scheme"
      }
    },
    {
      "kind" : "applicability",
      "expression" : {
        "description" : "\"Current Patient Age in Years\" < 9",
        "language" : "text/cql",
        "expression" : "Should vaccinate patient for Seasonal influenza because 1st dose was given 4 weeks ago in a 2 dose scheme"
      }
    }],
    "definitionCanonical" : "http://fhir.org/guides/who/smart-immunization/ActivityDefinition/IMMZ.DT.21.SeasonalInfluenza.02"
  },
  {
    "title" : "Immunize Patient for Seasonal influenza - Annual Re-vaccination",
    "description" : "Provide Seasonal influenza revaccination – using the \"Seasonal influenza vaccine immunization – Annual dose\" schedule (1 dose scheme)",
    "condition" : [{
      "kind" : "applicability",
      "expression" : {
        "description" : "\"Patient has completed Seasonal influenza primary series\" = TRUE",
        "language" : "text/cql",
        "expression" : "Should Re-vaccinate patient for Seasonal influenza - Annual dose"
      }
    },
    {
      "kind" : "applicability",
      "expression" : {
        "description" : "\"Date last Seasonal Influenza dose given\" >= \"1 year\"",
        "language" : "text/cql",
        "expression" : "Should Re-vaccinate patient for Seasonal influenza - Annual dose"
      }
    }],
    "definitionCanonical" : "http://fhir.org/guides/who/smart-immunization/ActivityDefinition/IMMZ.DT.21.SeasonalInfluenza.03"
  }]
}