{
  "resourceType" : "PlanDefinition",
  "id" : "IMMZ.DT.01.BCG",
  "text" : {
    "status" : "generated",
    "div" : "<div xmlns=\"http://www.w3.org/1999/xhtml\"><p><b>Generated Narrative: PlanDefinition</b><a name=\"IMMZ.DT.01.BCG\"> </a></p><div style=\"display: inline-block; background-color: #d9e0e7; padding: 6px; margin: 4px; border: 1px solid #8da1b4; border-radius: 5px; line-height: 60%\"><p style=\"margin-bottom: 0px\">Resource PlanDefinition &quot;IMMZ.DT.01.BCG&quot; </p></div><p><b>url</b>: <code>http://fhir.org/guides/who/smart-immunization/PlanDefinition/IMMZ.DT.01.BCG</code></p><p><b>version</b>: 0.1.0</p><p><b>name</b>: IMMZ.DT.01.BCG</p><p><b>title</b>: IMMZ.DT.01.BCG</p><p><b>status</b>: draft</p><p><b>date</b>: 2023-08-09 14:35:53+0000</p><p><b>publisher</b>: World Health Organization (WHO)</p><p><b>description</b>: If child or person has not been vaccinated, give BCG vaccine as soon as possible after birth</p><p><b>jurisdiction</b>: Global (Whole world) <span style=\"background: LightGoldenRodYellow; margin: 4px; border: 1px solid khaki\"> (m49.htm#001)</span></p><p><b>library</b>: <a href=\"Library-IMMZDT01.html\">IMMZDT01</a></p><blockquote><p><b>action</b></p><p><b>title</b>: Schedule Patient for BCG</p><p><b>description</b>: Schedule BCG immunizations</p><blockquote><p><b>condition</b></p><p><b>kind</b>: applicability</p><h3>Expressions</h3><table class=\"grid\"><tr><td style=\"display: none\">-</td><td><b>Description</b></td><td><b>Language</b></td><td><b>Expression</b></td></tr><tr><td style=\"display: none\">*</td><td>Provision of the BCG dose</td><td>text/cql-expression</td><td>Provision of the BCG dose</td></tr></table></blockquote><p><b>definition</b>: <a href=\"ActivityDefinition-IMMZ.DT.01.BCG.01.html\">IMMZ.DT.01.BCG.01</a></p></blockquote><blockquote><p><b>action</b></p><p><b>title</b>: Remind Patient for BCG dose</p><p><b>description</b>: Reminder Patient for BCG dose</p><blockquote><p><b>condition</b></p><p><b>kind</b>: applicability</p><h3>Expressions</h3><table class=\"grid\"><tr><td style=\"display: none\">-</td><td><b>Description</b></td><td><b>Language</b></td><td><b>Expression</b></td></tr><tr><td style=\"display: none\">*</td><td>Should Send BCG Reminder</td><td>text/cql-expression</td><td>Should Send BCG Reminder</td></tr></table></blockquote><p><b>definition</b>: <a href=\"ActivityDefinition-IMMZ.DT.01.BCG.CR.html\">IMMZ.DT.01.BCG.CR</a></p></blockquote></div>"
  },
  "url" : "http://fhir.org/guides/who/smart-immunization/PlanDefinition/IMMZ.DT.01.BCG",
  "version" : "0.1.0",
  "name" : "IMMZ.DT.01.BCG",
  "title" : "IMMZ.DT.01.BCG",
  "status" : "draft",
  "date" : "2023-08-09T14:35:53+00:00",
  "publisher" : "World Health Organization (WHO)",
  "description" : "If child or person has not been vaccinated, give BCG vaccine as soon as possible after birth",
  "jurisdiction" : [{
    "coding" : [{
      "system" : "http://unstats.un.org/unsd/methods/m49/m49.htm",
      "code" : "001"
    }]
  }],
  "library" : ["http://fhir.org/guides/who/smart-immunization/Library/IMMZDT01"],
  "action" : [{
    "title" : "Schedule Patient for BCG",
    "description" : "Schedule BCG immunizations",
    "condition" : [{
      "kind" : "applicability",
      "expression" : {
        "description" : "Provision of the BCG dose",
        "language" : "text/cql-expression",
        "expression" : "Provision of the BCG dose"
      }
    }],
    "definitionCanonical" : "http://fhir.org/guides/who/smart-immunization/ActivityDefinition/IMMZ.DT.01.BCG.01"
  },
  {
    "title" : "Remind Patient for BCG dose",
    "description" : "Reminder Patient for BCG dose",
    "condition" : [{
      "kind" : "applicability",
      "expression" : {
        "description" : "Should Send BCG Reminder",
        "language" : "text/cql-expression",
        "expression" : "Should Send BCG Reminder"
      }
    }],
    "definitionCanonical" : "http://fhir.org/guides/who/smart-immunization/ActivityDefinition/IMMZ.DT.01.BCG.CR"
  }]
}