{
  "resourceType" : "ValueSet",
  "id" : "SickleCell-values",
  "text" : {
    "status" : "generated",
    "div" : "<div xmlns=\"http://www.w3.org/1999/xhtml\"><ul><li>Include these codes as defined in <a href=\"http://www.snomed.org/\"><code>http://snomed.info/sct</code></a><table class=\"none\"><tr><td style=\"white-space:nowrap\"><b>Code</b></td><td><b>Display</b></td></tr><tr><td><a href=\"http://snomed.info/id/127040003\">127040003</a></td><td>Sickle cell-hemoglobin SS disease (disorder)</td></tr></table></li></ul></div>"
  },
  "url" : "http://fhir.org/guides/who/smart-immunization/ValueSet/SickleCell-values",
  "version" : "0.1.0",
  "name" : "SickleCellvalues",
  "title" : "Sickle Cell valuest",
  "status" : "draft",
  "experimental" : false,
  "date" : "2023-08-09T14:35:53+00:00",
  "publisher" : "World Health Organization (WHO)",
  "description" : "Codes representing Sickle Cell values",
  "jurisdiction" : [{
    "coding" : [{
      "system" : "http://unstats.un.org/unsd/methods/m49/m49.htm",
      "code" : "001"
    }]
  }],
  "immutable" : true,
  "compose" : {
    "include" : [{
      "system" : "http://snomed.info/sct",
      "concept" : [{
        "code" : "127040003",
        "display" : "Sickle cell-hemoglobin SS disease (disorder)"
      }]
    }]
  }
}