<?xml version="1.0" encoding="UTF-8"?>

<PlanDefinition xmlns="http://hl7.org/fhir">
  <id value="IMMZDTUmbrella"/>
  <meta>
    <profile value="http://hl7.org/fhir/uv/cpg/StructureDefinition/cpg-strategydefinition"/>
  </meta>
  <text>
    <status value="extensions"/><div xmlns="http://www.w3.org/1999/xhtml"><p><b>Generated Narrative: PlanDefinition</b><a name="IMMZDTUmbrella"> </a></p><div style="display: inline-block; background-color: #d9e0e7; padding: 6px; margin: 4px; border: 1px solid #8da1b4; border-radius: 5px; line-height: 60%"><p style="margin-bottom: 0px">Resource PlanDefinition &quot;IMMZDTUmbrella&quot; </p><p style="margin-bottom: 0px">Profile: <a href="https://build.fhir.org/ig/HL7/cqf-recommendations//StructureDefinition-cpg-strategydefinition.html">CPG Strategy Definition</a></p></div><p><b>CPG Knowledge Capability Extension</b>: computable</p><p><b>url</b>: <code>http://smart.who.int/ig/smart-immunizations/PlanDefinition/IMMZDTUmbrella</code></p><p><b>version</b>: 0.1.0</p><p><b>name</b>: IMMZDTUmbrella</p><p><b>title</b>: IMMZ.DT.Umbrella</p><p><b>type</b>: Workflow Definition <span style="background: LightGoldenRodYellow; margin: 4px; border: 1px solid khaki"> (<a href="http://terminology.hl7.org/5.2.0/CodeSystem-plan-definition-type.html">PlanDefinitionType</a>#workflow-definition)</span></p><p><b>status</b>: draft</p><p><b>experimental</b>: false</p><p><b>date</b>: 2023-10-22 12:58:20+0000</p><p><b>publisher</b>: World Health Organization (WHO)</p><p><b>contact</b>: World Health Organization (WHO): <a href="https://www.who.int">https://www.who.int</a></p><p><b>description</b>: If the child or patient has not been given MCV1 (at 9 months) and MCV2 (between 15-18 months) vaccination</p><p><b>jurisdiction</b>: Global (Whole world) <span style="background: LightGoldenRodYellow; margin: 4px; border: 1px solid khaki"> (m49.htm#001)</span></p><blockquote><p><b>action</b></p><p><b>title</b>: Check Immunizations</p><p><b>description</b>: Check immunization plan definitions to see what is required.</p><p><b>code</b>: Dispense Medications <span style="background: LightGoldenRodYellow; margin: 4px; border: 1px solid khaki"> (<a href="https://build.fhir.org/ig/HL7/cqf-recommendations//CodeSystem-cpg-common-process-cs.html">CPG Common Process Code System</a>#dispense-medications)</span></p><p><b>selectionBehavior</b>: all</p><h3>Actions</h3><table class="grid"><tr><td style="display: none">-</td><td><b>Title</b></td><td><b>Description</b></td><td><b>Code</b></td><td><b>SelectionBehavior</b></td><td><b>Definition[x]</b></td></tr><tr><td style="display: none">*</td><td>Immunize patient for Measles</td><td>Provide measles immunization</td><td>Dispense Medications <span style="background: LightGoldenRodYellow; margin: 4px; border: 1px solid khaki"> (<a href="https://build.fhir.org/ig/HL7/cqf-recommendations//CodeSystem-cpg-common-process-cs.html">CPG Common Process Code System</a>#dispense-medications)</span></td><td>all</td><td><a href="PlanDefinition-IMMZD2DTMeasles.html">IMMZ.D2.DT.Measles</a></td></tr></table></blockquote></div>
  </text>
  <extension url="http://hl7.org/fhir/uv/cpg/StructureDefinition/cpg-knowledgeCapability">
    <valueCode value="computable"/>
  </extension>
  <url value="http://smart.who.int/ig/smart-immunizations/PlanDefinition/IMMZDTUmbrella"/>
  <version value="0.1.0"/>
  <name value="IMMZDTUmbrella"/>
  <title value="IMMZ.DT.Umbrella"/>
  <type>
    <coding>
      <system value="http://terminology.hl7.org/CodeSystem/plan-definition-type"/>
      <code value="workflow-definition"/>
    </coding>
  </type>
  <status value="draft"/>
  <experimental value="false"/>
  <date value="2023-10-22T12:58:20+00:00"/>
  <publisher value="World Health Organization (WHO)"/>
  <contact>
    <name value="World Health Organization (WHO)"/>
    <telecom>
      <system value="url"/>
      <value value="https://www.who.int"/>
    </telecom>
  </contact>
  <description value="If the child or patient has not been given MCV1 (at 9 months) and MCV2 (between 15-18 months) vaccination"/>
  <jurisdiction>
    <coding>
      <system value="http://unstats.un.org/unsd/methods/m49/m49.htm"/>
      <code value="001"/>
    </coding>
  </jurisdiction>
  <action>
    <title value="Check Immunizations"/>
    <description value="Check immunization plan definitions to see what is required."/>
    <code>
      <coding>
        <system value="http://hl7.org/fhir/uv/cpg/CodeSystem/cpg-common-process-cs"/>
        <code value="dispense-medications"/>
      </coding>
    </code>
    <selectionBehavior value="all"/>
    <action>
      <title value="Immunize patient for Measles"/>
      <description value="Provide measles immunization"/>
      <code>
        <coding>
          <system value="http://hl7.org/fhir/uv/cpg/CodeSystem/cpg-common-process-cs"/>
          <code value="dispense-medications"/>
        </coding>
      </code>
      <selectionBehavior value="all"/>
      <definitionCanonical value="http://smart.who.int/ig/smart-immunizations/PlanDefinition/IMMZD2DTMeasles"/>
    </action>
  </action>
</PlanDefinition>