<?xml version="1.0" encoding="UTF-8"?>

<ValueSet xmlns="http://hl7.org/fhir">
  <id value="IMMZ.C.DE5"/>
  <text>
    <status value="extensions"/><div xmlns="http://www.w3.org/1999/xhtml"><ul><li>Include these codes as defined in <a href="CodeSystem-IMMZ.C.html"><code>http://smart.who.int/ig/smart-immunizations/CodeSystem/IMMZ.C</code></a><table class="none"><tr><td style="white-space:nowrap"><b>Code</b></td><td><b>Display</b></td><td><b>Definition</b></td></tr><tr><td><a href="CodeSystem-IMMZ.C.html#IMMZ.C-DE6">DE6</a></td><td>Male</td><td>Client's biological sex is male</td></tr><tr><td><a href="CodeSystem-IMMZ.C.html#IMMZ.C-DE7">DE7</a></td><td>Female</td><td>Client's biological sex is female</td></tr><tr><td><a href="CodeSystem-IMMZ.C.html#IMMZ.C-DE8">DE8</a></td><td>Biological sex not specified</td><td>Client's biological sex is not specified</td></tr><tr><td><a href="CodeSystem-IMMZ.C.html#IMMZ.C-DE9">DE9</a></td><td>Intersex</td><td>Client's biological sex is intersex</td></tr></table></li></ul></div>
  </text>
  <url value="http://smart.who.int/ig/smart-immunizations/ValueSet/IMMZ.C.DE5"/>
  <version value="0.1.0"/>
  <name value="IMMZ_C_DE5"/>
  <title value="IMMZ.C.DE5 ValueSet for Sex"/>
  <status value="active"/>
  <date value="2023-10-22T12:58:20+00:00"/>
  <publisher value="World Health Organization (WHO)"/>
  <contact>
    <name value="World Health Organization (WHO)"/>
    <telecom>
      <system value="url"/>
      <value value="https://www.who.int"/>
    </telecom>
  </contact>
  <description value="ValueSet for Sex for IMMZ.C.DE5."/>
  <jurisdiction>
    <coding>
      <system value="http://unstats.un.org/unsd/methods/m49/m49.htm"/>
      <code value="001"/>
    </coding>
  </jurisdiction>
  <compose>
    <include>
      <system value="http://smart.who.int/ig/smart-immunizations/CodeSystem/IMMZ.C"/>
      <concept>
        <code value="DE6"/>
        <display value="Male"/>
      </concept>
      <concept>
        <code value="DE7"/>
        <display value="Female"/>
      </concept>
      <concept>
        <code value="DE8"/>
        <display value="Biological sex not specified"/>
      </concept>
      <concept>
        <code value="DE9"/>
        <display value="Intersex"/>
      </concept>
    </include>
  </compose>
</ValueSet>