{"resourceType":"ActivityDefinition","id":"IMMZ.DT.03.Polio.IPV.CR","meta":{"profile":["http://hl7.org/fhir/uv/cpg/StructureDefinition/cpg-immunizationactivity"]},"url":"http://fhir.org/guides/who/smart-immunization/ActivityDefinition/IMMZ.DT.03.Polio.IPV.CR","version":"0.1.0","title":"IMMZ.DT.03.Polio.bOPV.CR","status":"draft","experimental":true,"date":"2023-03-28","publisher":"World Health Organization (WHO)","contact":[{"telecom":[{"system":"url","value":"https://who.int"}]}],"description":"Provide IPV immunizations reminder","jurisdiction":[{"coding":[{"system":"http://unstats.un.org/unsd/methods/m49/m49.htm","code":"001"}]}],"library":["http://fhir.org/guides/who/smart-immunization/Library/IMMZDT03"],"kind":"CommunicationRequest","code":{"coding":[{"system":"http://snomed.info/sct","code":"33879002","display":"Administration of vaccine to produce active immunity"}]},"intent":"proposal","doNotPerform":false,"dynamicValue":[{"path":"recipient","expression":{"description":"The reminder recipient.","language":"text/cql","expression":"Polio Reminder Recipient"}},{"path":"payload.contentAttachment.title","expression":{"description":"The reminder message.","language":"text/cql","expression":"Reminder Message for IPV dose"}},{"path":"payload.contentAttachment.language","expression":{"description":"The language of the reminder.","language":"text/cql","expression":"'en-US'"}},{"path":"payload.contentAttachment.contentType","expression":{"description":"The contentType of the reminder.","language":"text/cql","expression":"'text/plain'"}},{"path":"category","expression":{"language":"text/cql","expression":"Code { system: '1.3.6.1.4.1.19376.1.2.5.1', code: 'alert' }"}},{"path":"priority","expression":{"description":"Reminder priority","language":"text/cql","expression":"Code { system: 'http://hl7.org/fhir/request-priority', code: 'routine' }"}}]}