{"resourceType":"CodeSystem","id":"extended-content-codes","text":{"status":"generated","div":"<div xmlns=\"http://www.w3.org/1999/xhtml\"><p>This code system <code>http://who.int/cg/CodeSystem/extended-content-codes</code> defines the following codes:</p><table class=\"codes\"><tr><td style=\"white-space:nowrap\"><b>Code</b></td><td><b>Display</b></td><td><b>Definition</b></td></tr><tr><td style=\"white-space:nowrap\">Returning Client<a name=\"extended-content-codes-ReturningClient\"> </a></td><td>Returning client</td><td>Visit type - Returning client</td></tr><tr><td style=\"white-space:nowrap\">Referral<a name=\"extended-content-codes-Referral\"> </a></td><td>Referral</td><td>Visit type - Referral</td></tr><tr><td style=\"white-space:nowrap\">New Client<a name=\"extended-content-codes-NewClient\"> </a></td><td>New client</td><td>Visit type - New client</td></tr><tr><td style=\"white-space:nowrap\">First visit for symptoms<a name=\"extended-content-codes-Firstvisitforsymptoms\"> </a></td><td>First visit for symptoms</td><td>Visit type - First visit for symptoms</td></tr><tr><td style=\"white-space:nowrap\">STI Follow up<a name=\"extended-content-codes-STIFollowup\"> </a></td><td>Follow up for STI management</td><td>Visit type - Follow up for STI management</td></tr><tr><td style=\"white-space:nowrap\">Community<a name=\"extended-content-codes-Community\"> </a></td><td>Community</td><td>Referred by - Community</td></tr><tr><td style=\"white-space:nowrap\">Facility<a name=\"extended-content-codes-Facility\"> </a></td><td>Facility</td><td>Referred by - Facility</td></tr><tr><td style=\"white-space:nowrap\">Levonorgestrel (LNG) two-rod implant<a name=\"extended-content-codes-Levonorgestrel.40LNG.41two-rodimplant\"> </a></td><td>Levonorgestrel (LNG) two-rod implant</td><td>Method at intake - Levonorgestrel (LNG) two-rod implant</td></tr><tr><td style=\"white-space:nowrap\">Other<a name=\"extended-content-codes-Other\"> </a></td><td>Other</td><td>Reason for no contraceptive method - Reported at intake - Other</td></tr><tr><td style=\"white-space:nowrap\">Other<a name=\"extended-content-codes-Other\"> </a></td><td>Other</td><td>HIV Test Result - Other</td></tr><tr><td style=\"white-space:nowrap\">Don't know<a name=\"extended-content-codes-Don.39tknow\"> </a></td><td>Don't know</td><td>Current medications - Don't know</td></tr><tr><td style=\"white-space:nowrap\">STI medication<a name=\"extended-content-codes-STImedication\"> </a></td><td>STI medication</td><td>Current medications - STI medication</td></tr><tr><td style=\"white-space:nowrap\">Other Antibiotics<a name=\"extended-content-codes-OtherAntibiotics\"> </a></td><td>Other antibiotics</td><td>Current medications - Other antibiotics</td></tr><tr><td style=\"white-space:nowrap\">Other<a name=\"extended-content-codes-Other\"> </a></td><td>Other (specify)</td><td>Current medications - Other (specify)</td></tr><tr><td style=\"white-space:nowrap\">Other<a name=\"extended-content-codes-Other\"> </a></td><td>Other</td><td>Drug allergies - Other</td></tr><tr><td style=\"white-space:nowrap\">PrEP status<a name=\"extended-content-codes-PrEPstatus\"> </a></td><td>PrEP status</td><td>PrEP status</td></tr><tr><td style=\"white-space:nowrap\">Antiretroviral regimen (date and dose)<a name=\"extended-content-codes-Antiretroviralregimen.40dateanddose.41\"> </a></td><td>Antiretroviral regimen (date and dose)</td><td>Antiretroviral regimen (date and dose)</td></tr><tr><td style=\"white-space:nowrap\">NONE<a name=\"extended-content-codes-NONE\"> </a></td><td>No education</td><td>Highest level of education achieved - No education</td></tr><tr><td style=\"white-space:nowrap\">Other<a name=\"extended-content-codes-Other\"> </a></td><td>Other (specify)</td><td>Occupation - Other (specify)</td></tr><tr><td style=\"white-space:nowrap\">G<a name=\"extended-content-codes-G\"> </a></td><td>Government</td><td>Payment method - Government</td></tr><tr><td style=\"white-space:nowrap\">I<a name=\"extended-content-codes-I\"> </a></td><td>Insurance</td><td>Payment method - Insurance</td></tr></table></div>"},"url":"http://who.int/cg/CodeSystem/extended-content-codes","version":"0.1.0","name":"extended-content_codes","title":"WHO Extended Codes CodeSystem codes","status":"draft","experimental":false,"date":"2023-08-09T14:35:53+00:00","publisher":"World Health Organization (WHO)","description":"Set of codes identified as being needed but not found in existing Code Systems","jurisdiction":[{"coding":[{"system":"http://unstats.un.org/unsd/methods/m49/m49.htm","code":"001"}]}],"caseSensitive":true,"content":"complete","concept":[{"code":"Returning Client","display":"Returning client","definition":"Visit type - Returning client"},{"code":"Referral","display":"Referral","definition":"Visit type - Referral"},{"code":"New Client","display":"New client","definition":"Visit type - New client"},{"code":"First visit for symptoms","display":"First visit for symptoms","definition":"Visit type - First visit for symptoms"},{"code":"STI Follow up","display":"Follow up for STI management","definition":"Visit type - Follow up for STI management"},{"code":"Community","display":"Community","definition":"Referred by - Community"},{"code":"Facility","display":"Facility","definition":"Referred by - Facility"},{"code":"Levonorgestrel (LNG) two-rod implant","display":"Levonorgestrel (LNG) two-rod implant","definition":"Method at intake - Levonorgestrel (LNG) two-rod implant"},{"code":"Other","display":"Other","definition":"Reason for no contraceptive method - Reported at intake - Other"},{"code":"Other","display":"Other","definition":"HIV Test Result - Other"},{"code":"Don't know","display":"Don't know","definition":"Current medications - Don't know"},{"code":"STI medication","display":"STI medication","definition":"Current medications - STI medication"},{"code":"Other Antibiotics","display":"Other antibiotics","definition":"Current medications - Other antibiotics"},{"code":"Other","display":"Other (specify)","definition":"Current medications - Other (specify)"},{"code":"Other","display":"Other","definition":"Drug allergies - Other"},{"code":"PrEP status","display":"PrEP status","definition":"PrEP status"},{"code":"Antiretroviral regimen (date and dose)","display":"Antiretroviral regimen (date and dose)","definition":"Antiretroviral regimen (date and dose)"},{"code":"NONE","display":"No education","definition":"Highest level of education achieved - No education"},{"code":"Other","display":"Other (specify)","definition":"Occupation - Other (specify)"},{"code":"G","display":"Government","definition":"Payment method - Government"},{"code":"I","display":"Insurance","definition":"Payment method - Insurance"}]}