{"resourceType":"PlanDefinition","id":"IMMZ.DT.04.DTP","url":"http://fhir.org/guides/who/smart-immunization/PlanDefinition/IMMZ.DT.04.DTP","version":"0.1.0","name":"IMMZ.DT.04.DTP","title":"IMMZ.DT.04.DTP","status":"draft","date":"2023-08-09T14:35:53+00:00","publisher":"World Health Organization (WHO)","description":"If child or person has not been given DTP, start scheme","jurisdiction":[{"coding":[{"system":"http://unstats.un.org/unsd/methods/m49/m49.htm","code":"001"}]}],"library":["http://fhir.org/guides/who/smart-immunization/Library/IMMZDT04"],"action":[{"title":"Immunize Patient for DTP","description":"Provide DTP immunization","condition":[{"kind":"applicability","expression":{"description":"Provision of the DTP dose","language":"text/cql-expression","expression":"Provision of the DTP dose"}}],"definitionCanonical":"http://fhir.org/guides/who/smart-immunization/ActivityDefinition/IMMZ.DT.04.DTP.01"}]}