{"resourceType":"PlanDefinition","id":"IMMZ.DT.12.YellowFever","url":"http://fhir.org/guides/who/smart-immunization/PlanDefinition/IMMZ.DT.12.YellowFever","version":"0.1.0","name":"IMMZ.DT.12.YellowFever","title":"IMMZ.DT.12.YellowFever","status":"draft","date":"2023-08-09T14:35:53+00:00","publisher":"World Health Organization (WHO)","description":"If child or person has not been vaccinated, give Yellow Fever vaccine between age 9-12 months","jurisdiction":[{"coding":[{"system":"http://unstats.un.org/unsd/methods/m49/m49.htm","code":"001"}]}],"library":["http://fhir.org/guides/who/smart-immunization/Library/IMMZDT12"],"action":[{"title":"Immunize Patient for Yellow Fever - No Doses","description":"Provide Yellow Fever immunizations","condition":[{"kind":"applicability","expression":{"description":"Provision of the Yellow Fever dose","language":"text/cql","expression":"Provision of the Yellow Fever dose"}}],"definitionCanonical":"http://fhir.org/guides/who/smart-immunization/ActivityDefinition/IMMZ.DT.12.YellowFever.01"}]}