{"resourceType":"PlanDefinition","id":"IMMZ.DT.13.Tick-BorneEncephalitis","url":"http://fhir.org/guides/who/smart-immunization/PlanDefinition/IMMZ.DT.13.Tick-BorneEncephalitis","version":"0.1.0","name":"IMMZ.DT.13.Tick-BorneEncephalitis","title":"IMMZ.DT.13.Tick-BorneEncephalitis","status":"draft","date":"2023-08-09T14:35:53+00:00","publisher":"World Health Organization (WHO)","description":"If child or person has not been vaccinated, give Tick-Borne Encephalitis vaccine according to the defined schedule","jurisdiction":[{"coding":[{"system":"http://unstats.un.org/unsd/methods/m49/m49.htm","code":"001"}]}],"library":["http://fhir.org/guides/who/smart-immunization/Library/IMMZDT13"],"action":[{"title":"Immunize Patient for Tick-Borne Encephalitis","description":"Provide Tick-Borne Encephalitis immunizations","condition":[{"kind":"applicability","expression":{"description":"Provision of the TBE dose","language":"text/cql","expression":"Provision of the TBE dose"}}],"definitionCanonical":"http://fhir.org/guides/who/smart-immunization/ActivityDefinition/IMMZ.DT.13.TBE.01"}]}