{"resourceType":"PlanDefinition","id":"IMMZ.DT.08.Measles","url":"http://fhir.org/guides/who/smart-immunization/PlanDefinition/IMMZ.DT.08.Measles","version":"0.1.0","name":"IMMZ.DT.08.Measles","title":"IMMZ.DT.08.Measles","status":"draft","date":"2023-08-09T14:35:53+00:00","publisher":"World Health Organization (WHO)","description":"If the child or patient has not been given MCV1 (at 9 months) and MCV2 (between 15-18 months) vaccination","jurisdiction":[{"coding":[{"system":"http://unstats.un.org/unsd/methods/m49/m49.htm","code":"001"}]}],"library":["http://fhir.org/guides/who/smart-immunization/Library/IMMZDT08"],"action":[{"title":"Immunize patient for Measles","description":"Provide measles immunization","condition":[{"kind":"applicability","expression":{"description":"Provision of the MCV dose","language":"text/cql-expression","expression":"Provision of the MCV dose"}}],"definitionCanonical":"http://fhir.org/guides/who/smart-immunization/ActivityDefinition/IMMZ.DT.08.Measles.01"}]}