{"resourceType":"PlanDefinition","id":"IMMZ.DT.19.Dengue","url":"http://fhir.org/guides/who/smart-immunization/PlanDefinition/IMMZ.DT.19.Dengue","version":"0.1.0","name":"IMMZ.DT.19.Dengue","title":"IMMZ.DT.19.Dengue","status":"draft","date":"2023-08-09T14:35:53+00:00","publisher":"World Health Organization (WHO)","description":"If child or person has not been vaccinated, give Dengue vaccine between 9 and 45 years of age","jurisdiction":[{"coding":[{"system":"http://unstats.un.org/unsd/methods/m49/m49.htm","code":"001"}]}],"library":["http://fhir.org/guides/who/smart-immunization/Library/IMMZDT19"],"action":[{"title":"Immunize Patient for Dengue - No Doses at 9 years old","description":"Provide Dengue immunizations – using the \"Dengue vaccine immunization – NO PREVIOUS\" schedule (3 dose scheme)","condition":[{"kind":"applicability","expression":{"description":"\"Dengue vaccine immunization history\" = \"No-doses\"","language":"text/cql","expression":"Should vaccinate patient for Dengue because no doses at 9 years old in a 3 dose scheme"}},{"kind":"applicability","expression":{"description":"\"Current Patient Age in Years\" >= 9","language":"text/cql","expression":"Should vaccinate patient for Dengue because no doses at 9 years old in a 3 dose scheme"}},{"kind":"applicability","expression":{"description":"\"Current Patient Age in Years\" <= 45","language":"text/cql","expression":"Should vaccinate patient for Dengue because no doses at 9 years old in a 3 dose scheme"}},{"kind":"applicability","expression":{"description":"\"Pregnancy Status\" = FALSE","language":"text/cql","expression":"Should vaccinate patient for Dengue because no doses at 9 years old in a 3 dose scheme"}},{"kind":"applicability","expression":{"description":"\"Individual is Seronegative for Dengue\" = FALSE","language":"text/cql","expression":"Should vaccinate patient for Dengue because no doses at 9 years old in a 3 dose scheme"}}],"definitionCanonical":"http://fhir.org/guides/who/smart-immunization/ActivityDefinition/IMMZ.DT.19.Dengue.01"},{"title":"Immunize Patient for Dengue - 1 Dose given 6 months ago","description":"Provide Dengue immunizations – using the \"Dengue vaccine immunization – 1 PREVIOUS\" schedule (3 dose scheme)","condition":[{"kind":"applicability","expression":{"description":"\"Dengue vaccine immunization history\" = \"1 dose\"","language":"text/cql","expression":"Should vaccinate patient for Dengue because 1st dose given 6 months ago in a 3 dose scheme"}},{"kind":"applicability","expression":{"description":"\"Date last Dengue dose given\" >= \"6 months\"","language":"text/cql","expression":"Should vaccinate patient for Dengue because 1st dose given 6 months ago in a 3 dose scheme"}},{"kind":"applicability","expression":{"description":"\"Pregnancy Status\" = FALSE","language":"text/cql","expression":"Should vaccinate patient for Dengue because 1st dose given 6 months ago in a 3 dose scheme"}},{"kind":"applicability","expression":{"description":"\"Individual is Seronegative for Dengue\" = FALSE","language":"text/cql","expression":"Should vaccinate patient for Dengue because 1st dose given 6 months ago in a 3 dose scheme"}}],"definitionCanonical":"http://fhir.org/guides/who/smart-immunization/ActivityDefinition/IMMZ.DT.19.Dengue.02"},{"title":"Immunize Patient for Dengue - 2 Doses given 6 months ago","description":"Provide Dengue immunizations – using the \"Dengue vaccine immunization – 2 PREVIOUS\" schedule (3 dose scheme)","condition":[{"kind":"applicability","expression":{"description":"\"Dengue vaccine immunization history\" = \"2 doses\"","language":"text/cql","expression":"Should vaccinate patient for Dengue because 2nd dose given 6 months ago in a 3 dose scheme"}},{"kind":"applicability","expression":{"description":"\"Date last Dengue dose given\" >= \"6 months\"","language":"text/cql","expression":"Should vaccinate patient for Dengue because 2nd dose given 6 months ago in a 3 dose scheme"}},{"kind":"applicability","expression":{"description":"\"Pregnancy Status\" = FALSE","language":"text/cql","expression":"Should vaccinate patient for Dengue because 2nd dose given 6 months ago in a 3 dose scheme"}},{"kind":"applicability","expression":{"description":"\"Individual is Seronegative for Dengue\" = FALSE","language":"text/cql","expression":"Should vaccinate patient for Dengue because 2nd dose given 6 months ago in a 3 dose scheme"}}],"definitionCanonical":"http://fhir.org/guides/who/smart-immunization/ActivityDefinition/IMMZ.DT.19.Dengue.03"}]}