<?xml version="1.0" encoding="UTF-8"?>

<PlanDefinition xmlns="http://hl7.org/fhir">
  <id value="IMMZ.DT.16.Meningococcal"/>
  <text>
    <status value="generated"/><div xmlns="http://www.w3.org/1999/xhtml"><p><b>Generated Narrative: PlanDefinition</b><a name="IMMZ.DT.16.Meningococcal"> </a></p><div style="display: inline-block; background-color: #d9e0e7; padding: 6px; margin: 4px; border: 1px solid #8da1b4; border-radius: 5px; line-height: 60%"><p style="margin-bottom: 0px">Resource PlanDefinition &quot;IMMZ.DT.16.Meningococcal&quot; </p></div><p><b>url</b>: <code>http://fhir.org/guides/who/smart-immunization/PlanDefinition/IMMZ.DT.16.Meningococcal</code></p><p><b>version</b>: 0.1.0</p><p><b>name</b>: IMMZ.DT.16.Meningococcal</p><p><b>title</b>: IMMZ.DT.16.Meningococcal</p><p><b>status</b>: draft</p><p><b>date</b>: 2023-08-09 14:35:53+0000</p><p><b>publisher</b>: World Health Organization (WHO)</p><p><b>description</b>: If child or person has not been vaccinated, give Meningococcal vaccine according to the defined schedule</p><p><b>jurisdiction</b>: Global (Whole world) <span style="background: LightGoldenRodYellow; margin: 4px; border: 1px solid khaki"> (m49.htm#001)</span></p><p><b>library</b>: <a href="Library-library-IMMZDT16.html">IMMZDT16</a></p><blockquote><p><b>action</b></p><p><b>title</b>: Immunize Patient for Meningococcal - No Doses</p><p><b>description</b>: Provide Meningococcal immunizations – using the &quot;MenA conjugate vaccine (5µg) immunization – NO PREVIOUS&quot; schedule (2 dose scheme)</p><blockquote><p><b>condition</b></p><p><b>kind</b>: applicability</p><h3>Expressions</h3><table class="grid"><tr><td style="display: none">-</td><td><b>Description</b></td><td><b>Language</b></td><td><b>Expression</b></td></tr><tr><td style="display: none">*</td><td>&quot;Meningococcal vaccine immunization history&quot; = &quot;No-doses&quot;</td><td>text/cql</td><td>Should vaccinate patient with MenA conjugate vaccine (5µg) because no doses on 2 dose scheme</td></tr></table></blockquote><blockquote><p><b>condition</b></p><p><b>kind</b>: applicability</p><h3>Expressions</h3><table class="grid"><tr><td style="display: none">-</td><td><b>Description</b></td><td><b>Language</b></td><td><b>Expression</b></td></tr><tr><td style="display: none">*</td><td>&quot;Current Patient Age in Months&quot; &gt;= 3</td><td>text/cql</td><td>Should vaccinate patient with MenA conjugate vaccine (5µg) because no doses on 2 dose scheme</td></tr></table></blockquote><blockquote><p><b>condition</b></p><p><b>kind</b>: applicability</p><h3>Expressions</h3><table class="grid"><tr><td style="display: none">-</td><td><b>Description</b></td><td><b>Language</b></td><td><b>Expression</b></td></tr><tr><td style="display: none">*</td><td>&quot;Current Patient Age in Months&quot; &lt; 9</td><td>text/cql</td><td>Should vaccinate patient with MenA conjugate vaccine (5µg) because no doses on 2 dose scheme</td></tr></table></blockquote><blockquote><p><b>condition</b></p><p><b>kind</b>: applicability</p><h3>Expressions</h3><table class="grid"><tr><td style="display: none">-</td><td><b>Description</b></td><td><b>Language</b></td><td><b>Expression</b></td></tr><tr><td style="display: none">*</td><td>&quot;There is a compelling reason to vaccinate infants with Meningococcal between 3 to 9 months old&quot; = TRUE</td><td>text/cql</td><td>Should vaccinate patient with MenA conjugate vaccine (5µg) because no doses on 2 dose scheme</td></tr></table></blockquote><p><b>definition</b>: <a href="ActivityDefinition-IMMZ.DT.16.Meningococcal.01.html">IMMZ.DT.16.Meningococcal.01</a></p></blockquote><blockquote><p><b>action</b></p><p><b>title</b>: Immunize Patient for Meningococcal - 1 Dose</p><p><b>description</b>: Provide Meningococcal immunizations – using the &quot;MenA conjugate vaccine (5µg) immunization – 1 PREVIOUS&quot; schedule (2 dose scheme)</p><blockquote><p><b>condition</b></p><p><b>kind</b>: applicability</p><h3>Expressions</h3><table class="grid"><tr><td style="display: none">-</td><td><b>Description</b></td><td><b>Language</b></td><td><b>Expression</b></td></tr><tr><td style="display: none">*</td><td>&quot;Meningococcal vaccine immunization history&quot; = &quot;1 dose&quot;</td><td>text/cql</td><td>Should vaccinate patient with MenA conjugate vaccine (5µg) because 1 dose on 2 dose scheme</td></tr></table></blockquote><blockquote><p><b>condition</b></p><p><b>kind</b>: applicability</p><h3>Expressions</h3><table class="grid"><tr><td style="display: none">-</td><td><b>Description</b></td><td><b>Language</b></td><td><b>Expression</b></td></tr><tr><td style="display: none">*</td><td>&quot;Current Patient Age in Months&quot; &gt;= 3</td><td>text/cql</td><td>Should vaccinate patient with MenA conjugate vaccine (5µg) because 1 dose on 2 dose scheme</td></tr></table></blockquote><blockquote><p><b>condition</b></p><p><b>kind</b>: applicability</p><h3>Expressions</h3><table class="grid"><tr><td style="display: none">-</td><td><b>Description</b></td><td><b>Language</b></td><td><b>Expression</b></td></tr><tr><td style="display: none">*</td><td>&quot;Current Patient Age in Months&quot; &lt; 9</td><td>text/cql</td><td>Should vaccinate patient with MenA conjugate vaccine (5µg) because 1 dose on 2 dose scheme</td></tr></table></blockquote><blockquote><p><b>condition</b></p><p><b>kind</b>: applicability</p><h3>Expressions</h3><table class="grid"><tr><td style="display: none">-</td><td><b>Description</b></td><td><b>Language</b></td><td><b>Expression</b></td></tr><tr><td style="display: none">*</td><td>&quot;Date last Meningococcal dose given&quot; &gt;= &quot;8 weeks&quot;</td><td>text/cql</td><td>Should vaccinate patient with MenA conjugate vaccine (5µg) because 1 dose on 2 dose scheme</td></tr></table></blockquote><blockquote><p><b>condition</b></p><p><b>kind</b>: applicability</p><h3>Expressions</h3><table class="grid"><tr><td style="display: none">-</td><td><b>Description</b></td><td><b>Language</b></td><td><b>Expression</b></td></tr><tr><td style="display: none">*</td><td>&quot;Type of last Meningococcal dose&quot; = &quot;MenA conjugate vaccine (5µg)&quot;</td><td>text/cql</td><td>Should vaccinate patient with MenA conjugate vaccine (5µg) because 1 dose on 2 dose scheme</td></tr></table></blockquote><blockquote><p><b>condition</b></p><p><b>kind</b>: applicability</p><h3>Expressions</h3><table class="grid"><tr><td style="display: none">-</td><td><b>Description</b></td><td><b>Language</b></td><td><b>Expression</b></td></tr><tr><td style="display: none">*</td><td>&quot;There is a compelling reason to vaccinate infants with Meningococcal between 3 to 9 months old&quot; = TRUE</td><td>text/cql</td><td>Should vaccinate patient with MenA conjugate vaccine (5µg) because 1 dose on 2 dose scheme</td></tr></table></blockquote><p><b>definition</b>: <a href="ActivityDefinition-IMMZ.DT.16.Meningococcal.02.html">IMMZ.DT.16.Meningococcal.02</a></p></blockquote><blockquote><p><b>action</b></p><p><b>title</b>: Immunize Patient for Meningococcal - No Doses</p><p><b>description</b>: Provide Meningococcal immunizations – using the &quot;MenA conjugate vaccine (5µg) immunization – NO PREVIOUS&quot; schedule (1 dose scheme)</p><blockquote><p><b>condition</b></p><p><b>kind</b>: applicability</p><h3>Expressions</h3><table class="grid"><tr><td style="display: none">-</td><td><b>Description</b></td><td><b>Language</b></td><td><b>Expression</b></td></tr><tr><td style="display: none">*</td><td>&quot;Meningococcal vaccine immunization history&quot; = &quot;No-doses&quot;</td><td>text/cql</td><td>Should vaccinate patient with MenA conjugate vaccine (5µg) on 1 dose scheme</td></tr></table></blockquote><blockquote><p><b>condition</b></p><p><b>kind</b>: applicability</p><h3>Expressions</h3><table class="grid"><tr><td style="display: none">-</td><td><b>Description</b></td><td><b>Language</b></td><td><b>Expression</b></td></tr><tr><td style="display: none">*</td><td>&quot;Current Patient Age in Months&quot; &gt;= 9</td><td>text/cql</td><td>Should vaccinate patient with MenA conjugate vaccine (5µg) on 1 dose scheme</td></tr></table></blockquote><blockquote><p><b>condition</b></p><p><b>kind</b>: applicability</p><h3>Expressions</h3><table class="grid"><tr><td style="display: none">-</td><td><b>Description</b></td><td><b>Language</b></td><td><b>Expression</b></td></tr><tr><td style="display: none">*</td><td>&quot;Current Patient Age in Months&quot; &lt;= 24</td><td>text/cql</td><td>Should vaccinate patient with MenA conjugate vaccine (5µg) on 1 dose scheme</td></tr></table></blockquote><blockquote><p><b>condition</b></p><p><b>kind</b>: applicability</p><h3>Expressions</h3><table class="grid"><tr><td style="display: none">-</td><td><b>Description</b></td><td><b>Language</b></td><td><b>Expression</b></td></tr><tr><td style="display: none">*</td><td>&quot;Region recommends Meningococcal vaccination&quot; = TRUE</td><td>text/cql</td><td>Should vaccinate patient with MenA conjugate vaccine (5µg) on 1 dose scheme</td></tr></table></blockquote><p><b>definition</b>: <a href="ActivityDefinition-IMMZ.DT.16.Meningococcal.03.html">IMMZ.DT.16.Meningococcal.03</a></p></blockquote><blockquote><p><b>action</b></p><p><b>title</b>: Immunize Patient for Meningococcal - Non-recurring Booster</p><p><b>description</b>: Provide Meningococcal immunizations – using the &quot;MenA conjugate vaccine (5µg) immunization – Single non-recurring BOOSTER&quot; schedule (1 dose booster)</p><blockquote><p><b>condition</b></p><p><b>kind</b>: applicability</p><h3>Expressions</h3><table class="grid"><tr><td style="display: none">-</td><td><b>Description</b></td><td><b>Language</b></td><td><b>Expression</b></td></tr><tr><td style="display: none">*</td><td>&quot;Patient has completed Meningococcal primary series&quot; = TRUE</td><td>text/cql</td><td>Should vaccinate patient with MenA conjugate vaccine (5µg) non-recurring booster 3-5 years after last shot</td></tr></table></blockquote><blockquote><p><b>condition</b></p><p><b>kind</b>: applicability</p><h3>Expressions</h3><table class="grid"><tr><td style="display: none">-</td><td><b>Description</b></td><td><b>Language</b></td><td><b>Expression</b></td></tr><tr><td style="display: none">*</td><td>&quot;Date last Meningococcal dose given&quot; &gt;= &quot;3 years&quot;</td><td>text/cql</td><td>Should vaccinate patient with MenA conjugate vaccine (5µg) non-recurring booster 3-5 years after last shot</td></tr></table></blockquote><blockquote><p><b>condition</b></p><p><b>kind</b>: applicability</p><h3>Expressions</h3><table class="grid"><tr><td style="display: none">-</td><td><b>Description</b></td><td><b>Language</b></td><td><b>Expression</b></td></tr><tr><td style="display: none">*</td><td>&quot;Date last Meningococcal dose given&quot; &lt;= &quot;5 years&quot;</td><td>text/cql</td><td>Should vaccinate patient with MenA conjugate vaccine (5µg) non-recurring booster 3-5 years after last shot</td></tr></table></blockquote><blockquote><p><b>condition</b></p><p><b>kind</b>: applicability</p><h3>Expressions</h3><table class="grid"><tr><td style="display: none">-</td><td><b>Description</b></td><td><b>Language</b></td><td><b>Expression</b></td></tr><tr><td style="display: none">*</td><td>&quot;Type of last Meningococcal dose&quot; = &quot;MenA conjugate vaccine (5µg)&quot;</td><td>text/cql</td><td>Should vaccinate patient with MenA conjugate vaccine (5µg) non-recurring booster 3-5 years after last shot</td></tr></table></blockquote><blockquote><p><b>condition</b></p><p><b>kind</b>: applicability</p><h3>Expressions</h3><table class="grid"><tr><td style="display: none">-</td><td><b>Description</b></td><td><b>Language</b></td><td><b>Expression</b></td></tr><tr><td style="display: none">*</td><td>&quot;Individual has a continued high risk of exposure (including health workers)&quot; = TRUE</td><td>text/cql</td><td>Should vaccinate patient with MenA conjugate vaccine (5µg) non-recurring booster 3-5 years after last shot</td></tr></table></blockquote><blockquote><p><b>condition</b></p><p><b>kind</b>: applicability</p><h3>Expressions</h3><table class="grid"><tr><td style="display: none">-</td><td><b>Description</b></td><td><b>Language</b></td><td><b>Expression</b></td></tr><tr><td style="display: none">*</td><td>&quot;Region recommends Meningococcal vaccination&quot; = TRUE</td><td>text/cql</td><td>Should vaccinate patient with MenA conjugate vaccine (5µg) non-recurring booster 3-5 years after last shot</td></tr></table></blockquote><p><b>definition</b>: <a href="ActivityDefinition-IMMZ.DT.16.Meningococcal.04.html">IMMZ.DT.16.Meningococcal.04</a></p></blockquote><blockquote><p><b>action</b></p><p><b>title</b>: Immunize Patient for Meningococcal - No Doses</p><p><b>description</b>: Provide Meningococcal immunizations – using the &quot;monovalent MenC conjugate vaccine immunization – NO PREVIOUS&quot; schedule (1 dose scheme)</p><blockquote><p><b>condition</b></p><p><b>kind</b>: applicability</p><h3>Expressions</h3><table class="grid"><tr><td style="display: none">-</td><td><b>Description</b></td><td><b>Language</b></td><td><b>Expression</b></td></tr><tr><td style="display: none">*</td><td>&quot;Meningococcal vaccine immunization history&quot; = &quot;No-doses&quot;</td><td>text/cql</td><td>Should vaccinate patient with monovalent MenC conjugate vaccine because no dose on 1 dose scheme</td></tr></table></blockquote><blockquote><p><b>condition</b></p><p><b>kind</b>: applicability</p><h3>Expressions</h3><table class="grid"><tr><td style="display: none">-</td><td><b>Description</b></td><td><b>Language</b></td><td><b>Expression</b></td></tr><tr><td style="display: none">*</td><td>&quot;Current Patient Age in Months&quot; &gt;= 12</td><td>text/cql</td><td>Should vaccinate patient with monovalent MenC conjugate vaccine because no dose on 1 dose scheme</td></tr></table></blockquote><blockquote><p><b>condition</b></p><p><b>kind</b>: applicability</p><h3>Expressions</h3><table class="grid"><tr><td style="display: none">-</td><td><b>Description</b></td><td><b>Language</b></td><td><b>Expression</b></td></tr><tr><td style="display: none">*</td><td>&quot;Region recommends Meningococcal vaccination&quot; = TRUE</td><td>text/cql</td><td>Should vaccinate patient with monovalent MenC conjugate vaccine because no dose on 1 dose scheme</td></tr></table></blockquote><p><b>definition</b>: <a href="ActivityDefinition-IMMZ.DT.16.Meningococcal.05.html">IMMZ.DT.16.Meningococcal.05</a></p></blockquote><blockquote><p><b>action</b></p><p><b>title</b>: Immunize Patient for Meningococcal - No Doses</p><p><b>description</b>: Provide Meningococcal immunizations – using the &quot;monovalent MenC conjugate vaccine immunization – NO PREVIOUS&quot; schedule (2 dose scheme)</p><blockquote><p><b>condition</b></p><p><b>kind</b>: applicability</p><h3>Expressions</h3><table class="grid"><tr><td style="display: none">-</td><td><b>Description</b></td><td><b>Language</b></td><td><b>Expression</b></td></tr><tr><td style="display: none">*</td><td>&quot;Meningococcal vaccine immunization history&quot; = &quot;No-doses&quot;</td><td>text/cql</td><td>Should vaccinate patient with monovalent MenC conjugate vaccine because no dose on 2 dose scheme</td></tr></table></blockquote><blockquote><p><b>condition</b></p><p><b>kind</b>: applicability</p><h3>Expressions</h3><table class="grid"><tr><td style="display: none">-</td><td><b>Description</b></td><td><b>Language</b></td><td><b>Expression</b></td></tr><tr><td style="display: none">*</td><td>&quot;Current Patient Age in Months&quot; &gt;= 2</td><td>text/cql</td><td>Should vaccinate patient with monovalent MenC conjugate vaccine because no dose on 2 dose scheme</td></tr></table></blockquote><blockquote><p><b>condition</b></p><p><b>kind</b>: applicability</p><h3>Expressions</h3><table class="grid"><tr><td style="display: none">-</td><td><b>Description</b></td><td><b>Language</b></td><td><b>Expression</b></td></tr><tr><td style="display: none">*</td><td>&quot;Current Patient Age in Months&quot; &lt;= 11</td><td>text/cql</td><td>Should vaccinate patient with monovalent MenC conjugate vaccine because no dose on 2 dose scheme</td></tr></table></blockquote><blockquote><p><b>condition</b></p><p><b>kind</b>: applicability</p><h3>Expressions</h3><table class="grid"><tr><td style="display: none">-</td><td><b>Description</b></td><td><b>Language</b></td><td><b>Expression</b></td></tr><tr><td style="display: none">*</td><td>&quot;Region recommends Meningococcal vaccination&quot; = TRUE</td><td>text/cql</td><td>Should vaccinate patient with monovalent MenC conjugate vaccine because no dose on 2 dose scheme</td></tr></table></blockquote><p><b>definition</b>: <a href="ActivityDefinition-IMMZ.DT.16.Meningococcal.06.html">IMMZ.DT.16.Meningococcal.06</a></p></blockquote><blockquote><p><b>action</b></p><p><b>title</b>: Immunize Patient for Meningococcal - 1 Dose</p><p><b>description</b>: Provide Meningococcal immunizations – using the &quot;monovalent MenC conjugate vaccine immunization – 1 PREVIOUS&quot; schedule (2 dose scheme)</p><blockquote><p><b>condition</b></p><p><b>kind</b>: applicability</p><h3>Expressions</h3><table class="grid"><tr><td style="display: none">-</td><td><b>Description</b></td><td><b>Language</b></td><td><b>Expression</b></td></tr><tr><td style="display: none">*</td><td>&quot;Meningococcal vaccine immunization history&quot; = &quot;1 dose&quot;</td><td>text/cql</td><td>Should vaccinate patient with monovalent MenC conjugate vaccine because 1 dose on 2 dose scheme</td></tr></table></blockquote><blockquote><p><b>condition</b></p><p><b>kind</b>: applicability</p><h3>Expressions</h3><table class="grid"><tr><td style="display: none">-</td><td><b>Description</b></td><td><b>Language</b></td><td><b>Expression</b></td></tr><tr><td style="display: none">*</td><td>&quot;Current Patient Age in Months&quot; &gt;= 2</td><td>text/cql</td><td>Should vaccinate patient with monovalent MenC conjugate vaccine because 1 dose on 2 dose scheme</td></tr></table></blockquote><blockquote><p><b>condition</b></p><p><b>kind</b>: applicability</p><h3>Expressions</h3><table class="grid"><tr><td style="display: none">-</td><td><b>Description</b></td><td><b>Language</b></td><td><b>Expression</b></td></tr><tr><td style="display: none">*</td><td>&quot;Current Patient Age in Months&quot; &lt;= 11</td><td>text/cql</td><td>Should vaccinate patient with monovalent MenC conjugate vaccine because 1 dose on 2 dose scheme</td></tr></table></blockquote><blockquote><p><b>condition</b></p><p><b>kind</b>: applicability</p><h3>Expressions</h3><table class="grid"><tr><td style="display: none">-</td><td><b>Description</b></td><td><b>Language</b></td><td><b>Expression</b></td></tr><tr><td style="display: none">*</td><td>&quot;Date last Meningococcal dose given&quot; &gt;= &quot;8 weeks&quot;</td><td>text/cql</td><td>Should vaccinate patient with monovalent MenC conjugate vaccine because 1 dose on 2 dose scheme</td></tr></table></blockquote><blockquote><p><b>condition</b></p><p><b>kind</b>: applicability</p><h3>Expressions</h3><table class="grid"><tr><td style="display: none">-</td><td><b>Description</b></td><td><b>Language</b></td><td><b>Expression</b></td></tr><tr><td style="display: none">*</td><td>&quot;Type of last Meningococcal dose&quot; = &quot;monovalent MenC conjugate&quot;</td><td>text/cql</td><td>Should vaccinate patient with monovalent MenC conjugate vaccine because 1 dose on 2 dose scheme</td></tr></table></blockquote><p><b>definition</b>: <a href="ActivityDefinition-IMMZ.DT.16.Meningococcal.07.html">IMMZ.DT.16.Meningococcal.07</a></p></blockquote><blockquote><p><b>action</b></p><p><b>title</b>: Immunize Patient for Meningococcal - Non-recurring Booster</p><p><b>description</b>: Provide Meningococcal immunizations – using the &quot;monovalent MenC conjugate vaccine immunization – Single non-recurring BOOSTER&quot; schedule (1 dose booster)</p><blockquote><p><b>condition</b></p><p><b>kind</b>: applicability</p><h3>Expressions</h3><table class="grid"><tr><td style="display: none">-</td><td><b>Description</b></td><td><b>Language</b></td><td><b>Expression</b></td></tr><tr><td style="display: none">*</td><td>&quot;Meningococcal vaccine immunization history&quot; = &quot;2 doses&quot;</td><td>text/cql</td><td>Should vaccinate patient with monovalent MenC conjugate vaccine non-recurring booster because 1 year after last shot</td></tr></table></blockquote><blockquote><p><b>condition</b></p><p><b>kind</b>: applicability</p><h3>Expressions</h3><table class="grid"><tr><td style="display: none">-</td><td><b>Description</b></td><td><b>Language</b></td><td><b>Expression</b></td></tr><tr><td style="display: none">*</td><td>&quot;Date last Meningococcal dose given&quot; &gt;= &quot;1 year&quot;</td><td>text/cql</td><td>Should vaccinate patient with monovalent MenC conjugate vaccine non-recurring booster because 1 year after last shot</td></tr></table></blockquote><blockquote><p><b>condition</b></p><p><b>kind</b>: applicability</p><h3>Expressions</h3><table class="grid"><tr><td style="display: none">-</td><td><b>Description</b></td><td><b>Language</b></td><td><b>Expression</b></td></tr><tr><td style="display: none">*</td><td>&quot;Type of last Meningococcal dose&quot; = &quot;monovalent MenC conjugate&quot;</td><td>text/cql</td><td>Should vaccinate patient with monovalent MenC conjugate vaccine non-recurring booster because 1 year after last shot</td></tr></table></blockquote><blockquote><p><b>condition</b></p><p><b>kind</b>: applicability</p><h3>Expressions</h3><table class="grid"><tr><td style="display: none">-</td><td><b>Description</b></td><td><b>Language</b></td><td><b>Expression</b></td></tr><tr><td style="display: none">*</td><td>&quot;Age when patient received 1st dose&quot; &gt;= &quot;2 months&quot;</td><td>text/cql</td><td>Should vaccinate patient with monovalent MenC conjugate vaccine non-recurring booster because 1 year after last shot</td></tr></table></blockquote><blockquote><p><b>condition</b></p><p><b>kind</b>: applicability</p><h3>Expressions</h3><table class="grid"><tr><td style="display: none">-</td><td><b>Description</b></td><td><b>Language</b></td><td><b>Expression</b></td></tr><tr><td style="display: none">*</td><td>&quot;Age when patient received 1st dose&quot; &lt;= &quot;11 months&quot;</td><td>text/cql</td><td>Should vaccinate patient with monovalent MenC conjugate vaccine non-recurring booster because 1 year after last shot</td></tr></table></blockquote><blockquote><p><b>condition</b></p><p><b>kind</b>: applicability</p><h3>Expressions</h3><table class="grid"><tr><td style="display: none">-</td><td><b>Description</b></td><td><b>Language</b></td><td><b>Expression</b></td></tr><tr><td style="display: none">*</td><td>&quot;Region recommends Meningococcal vaccination&quot; = TRUE</td><td>text/cql</td><td>Should vaccinate patient with monovalent MenC conjugate vaccine non-recurring booster because 1 year after last shot</td></tr></table></blockquote><p><b>definition</b>: <a href="ActivityDefinition-IMMZ.DT.16.Meningococcal.08.html">IMMZ.DT.16.Meningococcal.08</a></p></blockquote><blockquote><p><b>action</b></p><p><b>title</b>: Immunize Patient for Meningococcal - Non-recurring Booster</p><p><b>description</b>: Provide Meningococcal immunizations – using the &quot;monovalent MenC conjugate immunization – Single non-recurring BOOSTER&quot; schedule (1 dose booster)</p><blockquote><p><b>condition</b></p><p><b>kind</b>: applicability</p><h3>Expressions</h3><table class="grid"><tr><td style="display: none">-</td><td><b>Description</b></td><td><b>Language</b></td><td><b>Expression</b></td></tr><tr><td style="display: none">*</td><td>&quot;Patient has completed Meningococcal primary series&quot; = TRUE</td><td>text/cql</td><td>Should vaccinate patient with monovalent MenC conjugate non-recurring booster 3-5 years after last shot</td></tr></table></blockquote><blockquote><p><b>condition</b></p><p><b>kind</b>: applicability</p><h3>Expressions</h3><table class="grid"><tr><td style="display: none">-</td><td><b>Description</b></td><td><b>Language</b></td><td><b>Expression</b></td></tr><tr><td style="display: none">*</td><td>&quot;Date last Meningococcal dose given&quot; &gt;= &quot;3 years&quot;</td><td>text/cql</td><td>Should vaccinate patient with monovalent MenC conjugate non-recurring booster 3-5 years after last shot</td></tr></table></blockquote><blockquote><p><b>condition</b></p><p><b>kind</b>: applicability</p><h3>Expressions</h3><table class="grid"><tr><td style="display: none">-</td><td><b>Description</b></td><td><b>Language</b></td><td><b>Expression</b></td></tr><tr><td style="display: none">*</td><td>&quot;Date last Meningococcal dose given&quot; &lt;= &quot;5 years&quot;</td><td>text/cql</td><td>Should vaccinate patient with monovalent MenC conjugate non-recurring booster 3-5 years after last shot</td></tr></table></blockquote><blockquote><p><b>condition</b></p><p><b>kind</b>: applicability</p><h3>Expressions</h3><table class="grid"><tr><td style="display: none">-</td><td><b>Description</b></td><td><b>Language</b></td><td><b>Expression</b></td></tr><tr><td style="display: none">*</td><td>&quot;Type of last Meningococcal dose&quot; = &quot;monovalent MenC conjugate&quot;</td><td>text/cql</td><td>Should vaccinate patient with monovalent MenC conjugate non-recurring booster 3-5 years after last shot</td></tr></table></blockquote><blockquote><p><b>condition</b></p><p><b>kind</b>: applicability</p><h3>Expressions</h3><table class="grid"><tr><td style="display: none">-</td><td><b>Description</b></td><td><b>Language</b></td><td><b>Expression</b></td></tr><tr><td style="display: none">*</td><td>&quot;Individual has a continued high risk of exposure (including health workers)&quot; = TRUE</td><td>text/cql</td><td>Should vaccinate patient with monovalent MenC conjugate non-recurring booster 3-5 years after last shot</td></tr></table></blockquote><blockquote><p><b>condition</b></p><p><b>kind</b>: applicability</p><h3>Expressions</h3><table class="grid"><tr><td style="display: none">-</td><td><b>Description</b></td><td><b>Language</b></td><td><b>Expression</b></td></tr><tr><td style="display: none">*</td><td>&quot;Region recommends Meningococcal vaccination&quot; = TRUE</td><td>text/cql</td><td>Should vaccinate patient with monovalent MenC conjugate non-recurring booster 3-5 years after last shot</td></tr></table></blockquote><p><b>definition</b>: <a href="ActivityDefinition-IMMZ.DT.16.Meningococcal.09.html">IMMZ.DT.16.Meningococcal.09</a></p></blockquote><blockquote><p><b>action</b></p><p><b>title</b>: Immunize Patient for Meningococcal - No Doses</p><p><b>description</b>: Provide Meningococcal immunizations – using the &quot;Quadrivalent conjugate vaccines (A,C,W135,Y-D and A,C,W135,Y-CRM) immunization – NO PREVIOUS&quot; schedule (1 dose scheme)</p><blockquote><p><b>condition</b></p><p><b>kind</b>: applicability</p><h3>Expressions</h3><table class="grid"><tr><td style="display: none">-</td><td><b>Description</b></td><td><b>Language</b></td><td><b>Expression</b></td></tr><tr><td style="display: none">*</td><td>&quot;Meningococcal vaccine immunization history&quot; = &quot;No-doses&quot;</td><td>text/cql</td><td>Should vaccinate patient with Quadrivalent conjugate vaccines (A,C,W135,Y-D and A,C,W135,Y-CRM) because no dose on 1 dose scheme</td></tr></table></blockquote><blockquote><p><b>condition</b></p><p><b>kind</b>: applicability</p><h3>Expressions</h3><table class="grid"><tr><td style="display: none">-</td><td><b>Description</b></td><td><b>Language</b></td><td><b>Expression</b></td></tr><tr><td style="display: none">*</td><td>&quot;Current Patient Age in Years&quot; &gt;= 2</td><td>text/cql</td><td>Should vaccinate patient with Quadrivalent conjugate vaccines (A,C,W135,Y-D and A,C,W135,Y-CRM) because no dose on 1 dose scheme</td></tr></table></blockquote><blockquote><p><b>condition</b></p><p><b>kind</b>: applicability</p><h3>Expressions</h3><table class="grid"><tr><td style="display: none">-</td><td><b>Description</b></td><td><b>Language</b></td><td><b>Expression</b></td></tr><tr><td style="display: none">*</td><td>&quot;Region recommends Meningococcal vaccination&quot; = TRUE</td><td>text/cql</td><td>Should vaccinate patient with Quadrivalent conjugate vaccines (A,C,W135,Y-D and A,C,W135,Y-CRM) because no dose on 1 dose scheme</td></tr></table></blockquote><p><b>definition</b>: <a href="ActivityDefinition-IMMZ.DT.16.Meningococcal.10.html">IMMZ.DT.16.Meningococcal.10</a></p></blockquote><blockquote><p><b>action</b></p><p><b>title</b>: Immunize Patient for Meningococcal - No Doses</p><p><b>description</b>: Provide Meningococcal immunizations – using the &quot;Quadrivalent conjugate vaccines (A,C,W135,Y-D) immunization – NO PREVIOUS&quot; schedule (2 dose scheme)</p><blockquote><p><b>condition</b></p><p><b>kind</b>: applicability</p><h3>Expressions</h3><table class="grid"><tr><td style="display: none">-</td><td><b>Description</b></td><td><b>Language</b></td><td><b>Expression</b></td></tr><tr><td style="display: none">*</td><td>&quot;Meningococcal vaccine immunization history&quot; = &quot;No-doses&quot;</td><td>text/cql</td><td>Should vaccinate patient with Quadrivalent conjugate vaccines (A,C,W135,Y-D) because no dose on 2 dose scheme</td></tr></table></blockquote><blockquote><p><b>condition</b></p><p><b>kind</b>: applicability</p><h3>Expressions</h3><table class="grid"><tr><td style="display: none">-</td><td><b>Description</b></td><td><b>Language</b></td><td><b>Expression</b></td></tr><tr><td style="display: none">*</td><td>&quot;Current Patient Age in Months&quot; &gt;= 9</td><td>text/cql</td><td>Should vaccinate patient with Quadrivalent conjugate vaccines (A,C,W135,Y-D) because no dose on 2 dose scheme</td></tr></table></blockquote><blockquote><p><b>condition</b></p><p><b>kind</b>: applicability</p><h3>Expressions</h3><table class="grid"><tr><td style="display: none">-</td><td><b>Description</b></td><td><b>Language</b></td><td><b>Expression</b></td></tr><tr><td style="display: none">*</td><td>&quot;Current Patient Age in Months&quot; &lt;= 23</td><td>text/cql</td><td>Should vaccinate patient with Quadrivalent conjugate vaccines (A,C,W135,Y-D) because no dose on 2 dose scheme</td></tr></table></blockquote><blockquote><p><b>condition</b></p><p><b>kind</b>: applicability</p><h3>Expressions</h3><table class="grid"><tr><td style="display: none">-</td><td><b>Description</b></td><td><b>Language</b></td><td><b>Expression</b></td></tr><tr><td style="display: none">*</td><td>&quot;Region recommends Meningococcal vaccination&quot; = TRUE</td><td>text/cql</td><td>Should vaccinate patient with Quadrivalent conjugate vaccines (A,C,W135,Y-D) because no dose on 2 dose scheme</td></tr></table></blockquote><p><b>definition</b>: <a href="ActivityDefinition-IMMZ.DT.16.Meningococcal.11.html">IMMZ.DT.16.Meningococcal.11</a></p></blockquote><blockquote><p><b>action</b></p><p><b>title</b>: Immunize Patient for Meningococcal - 1 Dose</p><p><b>description</b>: Provide Meningococcal immunizations – using the &quot;Quadrivalent conjugate vaccines (A,C,W135,Y-D) immunization – 1 PREVIOUS&quot; schedule (2 dose scheme)</p><blockquote><p><b>condition</b></p><p><b>kind</b>: applicability</p><h3>Expressions</h3><table class="grid"><tr><td style="display: none">-</td><td><b>Description</b></td><td><b>Language</b></td><td><b>Expression</b></td></tr><tr><td style="display: none">*</td><td>&quot;Meningococcal vaccine immunization history&quot; = &quot;1 dose&quot;</td><td>text/cql</td><td>Should vaccinate patient with Quadrivalent conjugate vaccines (A,C,W135,Y-D) on 2 dose scheme</td></tr></table></blockquote><blockquote><p><b>condition</b></p><p><b>kind</b>: applicability</p><h3>Expressions</h3><table class="grid"><tr><td style="display: none">-</td><td><b>Description</b></td><td><b>Language</b></td><td><b>Expression</b></td></tr><tr><td style="display: none">*</td><td>&quot;Date last Meningococcal dose given &quot; &gt;= &quot;12 weeks&quot;</td><td>text/cql</td><td>Should vaccinate patient with Quadrivalent conjugate vaccines (A,C,W135,Y-D) on 2 dose scheme</td></tr></table></blockquote><blockquote><p><b>condition</b></p><p><b>kind</b>: applicability</p><h3>Expressions</h3><table class="grid"><tr><td style="display: none">-</td><td><b>Description</b></td><td><b>Language</b></td><td><b>Expression</b></td></tr><tr><td style="display: none">*</td><td>&quot;Type of last Meningococcal dose&quot; = &quot;Quadrivalent conjugate&quot;</td><td>text/cql</td><td>Should vaccinate patient with Quadrivalent conjugate vaccines (A,C,W135,Y-D) on 2 dose scheme</td></tr></table></blockquote><p><b>definition</b>: <a href="ActivityDefinition-IMMZ.DT.16.Meningococcal.12.html">IMMZ.DT.16.Meningococcal.12</a></p></blockquote><blockquote><p><b>action</b></p><p><b>title</b>: Immunize Patient for Meningococcal - Non-recurring Booster</p><p><b>description</b>: Provide Meningococcal immunizations – using the &quot;Quadrivalent conjugate vaccines (A,C,W135,Y-D) immunization – Single non-recurring BOOSTER&quot; schedule (1 dose booster)</p><blockquote><p><b>condition</b></p><p><b>kind</b>: applicability</p><h3>Expressions</h3><table class="grid"><tr><td style="display: none">-</td><td><b>Description</b></td><td><b>Language</b></td><td><b>Expression</b></td></tr><tr><td style="display: none">*</td><td>&quot;Patient has completed Meningococcal primary series&quot; = TRUE</td><td>text/cql</td><td>Should vaccinate patient with Quadrivalent conjugate vaccines (A,C,W135,Y-D) non-recurring booster 3-5 years after last shot</td></tr></table></blockquote><blockquote><p><b>condition</b></p><p><b>kind</b>: applicability</p><h3>Expressions</h3><table class="grid"><tr><td style="display: none">-</td><td><b>Description</b></td><td><b>Language</b></td><td><b>Expression</b></td></tr><tr><td style="display: none">*</td><td>&quot;Date last Meningococcal dose given&quot; &gt;= &quot;3 years&quot;</td><td>text/cql</td><td>Should vaccinate patient with Quadrivalent conjugate vaccines (A,C,W135,Y-D) non-recurring booster 3-5 years after last shot</td></tr></table></blockquote><blockquote><p><b>condition</b></p><p><b>kind</b>: applicability</p><h3>Expressions</h3><table class="grid"><tr><td style="display: none">-</td><td><b>Description</b></td><td><b>Language</b></td><td><b>Expression</b></td></tr><tr><td style="display: none">*</td><td>&quot;Date last Meningococcal dose given&quot; &lt;= &quot;5 years&quot;</td><td>text/cql</td><td>Should vaccinate patient with Quadrivalent conjugate vaccines (A,C,W135,Y-D) non-recurring booster 3-5 years after last shot</td></tr></table></blockquote><blockquote><p><b>condition</b></p><p><b>kind</b>: applicability</p><h3>Expressions</h3><table class="grid"><tr><td style="display: none">-</td><td><b>Description</b></td><td><b>Language</b></td><td><b>Expression</b></td></tr><tr><td style="display: none">*</td><td>&quot;Type of last Meningococcal dose&quot; = &quot;Quadrivalent conjugate&quot;</td><td>text/cql</td><td>Should vaccinate patient with Quadrivalent conjugate vaccines (A,C,W135,Y-D) non-recurring booster 3-5 years after last shot</td></tr></table></blockquote><blockquote><p><b>condition</b></p><p><b>kind</b>: applicability</p><h3>Expressions</h3><table class="grid"><tr><td style="display: none">-</td><td><b>Description</b></td><td><b>Language</b></td><td><b>Expression</b></td></tr><tr><td style="display: none">*</td><td>&quot;Individual has a continued high risk of exposure (including health workers)&quot; = TRUE</td><td>text/cql</td><td>Should vaccinate patient with Quadrivalent conjugate vaccines (A,C,W135,Y-D) non-recurring booster 3-5 years after last shot</td></tr></table></blockquote><blockquote><p><b>condition</b></p><p><b>kind</b>: applicability</p><h3>Expressions</h3><table class="grid"><tr><td style="display: none">-</td><td><b>Description</b></td><td><b>Language</b></td><td><b>Expression</b></td></tr><tr><td style="display: none">*</td><td>&quot;Region recommends Meningococcal vaccination&quot; = TRUE</td><td>text/cql</td><td>Should vaccinate patient with Quadrivalent conjugate vaccines (A,C,W135,Y-D) non-recurring booster 3-5 years after last shot</td></tr></table></blockquote><p><b>definition</b>: <a href="ActivityDefinition-IMMZ.DT.16.Meningococcal.13.html">IMMZ.DT.16.Meningococcal.13</a></p></blockquote></div>
  </text>
  <url value="http://fhir.org/guides/who/smart-immunization/PlanDefinition/IMMZ.DT.16.Meningococcal"/>
  <version value="0.1.0"/>
  <name value="IMMZ.DT.16.Meningococcal"/>
  <title value="IMMZ.DT.16.Meningococcal"/>
  <status value="draft"/>
  <date value="2023-08-09T14:35:53+00:00"/>
  <publisher value="World Health Organization (WHO)"/>
  <description value="If child or person has not been vaccinated, give Meningococcal vaccine according to the defined schedule"/>
  <jurisdiction>
    <coding>
      <system value="http://unstats.un.org/unsd/methods/m49/m49.htm"/>
      <code value="001"/>
    </coding>
  </jurisdiction>
  <library value="http://fhir.org/guides/who/smart-immunization/Library/IMMZDT16"/>
  <action>
    <title value="Immunize Patient for Meningococcal - No Doses"/>
    <description value="Provide Meningococcal immunizations – using the &quot;MenA conjugate vaccine (5µg) immunization – NO PREVIOUS&quot; schedule (2 dose scheme)"/>
    <condition>
      <kind value="applicability"/>
      <expression>
        <description value="&quot;Meningococcal vaccine immunization history&quot; = &quot;No-doses&quot;"/>
        <language value="text/cql"/>
        <expression value="Should vaccinate patient with MenA conjugate vaccine (5µg) because no doses on 2 dose scheme"/>
      </expression>
    </condition>
    <condition>
      <kind value="applicability"/>
      <expression>
        <description value="&quot;Current Patient Age in Months&quot; &gt;= 3"/>
        <language value="text/cql"/>
        <expression value="Should vaccinate patient with MenA conjugate vaccine (5µg) because no doses on 2 dose scheme"/>
      </expression>
    </condition>
    <condition>
      <kind value="applicability"/>
      <expression>
        <description value="&quot;Current Patient Age in Months&quot; &lt; 9"/>
        <language value="text/cql"/>
        <expression value="Should vaccinate patient with MenA conjugate vaccine (5µg) because no doses on 2 dose scheme"/>
      </expression>
    </condition>
    <condition>
      <kind value="applicability"/>
      <expression>
        <description value="&quot;There is a compelling reason to vaccinate infants with Meningococcal between 3 to 9 months old&quot; = TRUE"/>
        <language value="text/cql"/>
        <expression value="Should vaccinate patient with MenA conjugate vaccine (5µg) because no doses on 2 dose scheme"/>
      </expression>
    </condition>
    <definitionCanonical value="http://fhir.org/guides/who/smart-immunization/ActivityDefinition/IMMZ.DT.16.Meningococcal.01"/>
  </action>
  <action>
    <title value="Immunize Patient for Meningococcal - 1 Dose"/>
    <description value="Provide Meningococcal immunizations – using the &quot;MenA conjugate vaccine (5µg) immunization – 1 PREVIOUS&quot; schedule (2 dose scheme)"/>
    <condition>
      <kind value="applicability"/>
      <expression>
        <description value="&quot;Meningococcal vaccine immunization history&quot; = &quot;1 dose&quot;"/>
        <language value="text/cql"/>
        <expression value="Should vaccinate patient with MenA conjugate vaccine (5µg) because 1 dose on 2 dose scheme"/>
      </expression>
    </condition>
    <condition>
      <kind value="applicability"/>
      <expression>
        <description value="&quot;Current Patient Age in Months&quot; &gt;= 3"/>
        <language value="text/cql"/>
        <expression value="Should vaccinate patient with MenA conjugate vaccine (5µg) because 1 dose on 2 dose scheme"/>
      </expression>
    </condition>
    <condition>
      <kind value="applicability"/>
      <expression>
        <description value="&quot;Current Patient Age in Months&quot; &lt; 9"/>
        <language value="text/cql"/>
        <expression value="Should vaccinate patient with MenA conjugate vaccine (5µg) because 1 dose on 2 dose scheme"/>
      </expression>
    </condition>
    <condition>
      <kind value="applicability"/>
      <expression>
        <description value="&quot;Date last Meningococcal dose given&quot; &gt;= &quot;8 weeks&quot;"/>
        <language value="text/cql"/>
        <expression value="Should vaccinate patient with MenA conjugate vaccine (5µg) because 1 dose on 2 dose scheme"/>
      </expression>
    </condition>
    <condition>
      <kind value="applicability"/>
      <expression>
        <description value="&quot;Type of last Meningococcal dose&quot; = &quot;MenA conjugate vaccine (5µg)&quot;"/>
        <language value="text/cql"/>
        <expression value="Should vaccinate patient with MenA conjugate vaccine (5µg) because 1 dose on 2 dose scheme"/>
      </expression>
    </condition>
    <condition>
      <kind value="applicability"/>
      <expression>
        <description value="&quot;There is a compelling reason to vaccinate infants with Meningococcal between 3 to 9 months old&quot; = TRUE"/>
        <language value="text/cql"/>
        <expression value="Should vaccinate patient with MenA conjugate vaccine (5µg) because 1 dose on 2 dose scheme"/>
      </expression>
    </condition>
    <definitionCanonical value="http://fhir.org/guides/who/smart-immunization/ActivityDefinition/IMMZ.DT.16.Meningococcal.02"/>
  </action>
  <action>
    <title value="Immunize Patient for Meningococcal - No Doses"/>
    <description value="Provide Meningococcal immunizations – using the &quot;MenA conjugate vaccine (5µg) immunization – NO PREVIOUS&quot; schedule (1 dose scheme)"/>
    <condition>
      <kind value="applicability"/>
      <expression>
        <description value="&quot;Meningococcal vaccine immunization history&quot; = &quot;No-doses&quot;"/>
        <language value="text/cql"/>
        <expression value="Should vaccinate patient with MenA conjugate vaccine (5µg) on 1 dose scheme"/>
      </expression>
    </condition>
    <condition>
      <kind value="applicability"/>
      <expression>
        <description value="&quot;Current Patient Age in Months&quot; &gt;= 9"/>
        <language value="text/cql"/>
        <expression value="Should vaccinate patient with MenA conjugate vaccine (5µg) on 1 dose scheme"/>
      </expression>
    </condition>
    <condition>
      <kind value="applicability"/>
      <expression>
        <description value="&quot;Current Patient Age in Months&quot; &lt;= 24"/>
        <language value="text/cql"/>
        <expression value="Should vaccinate patient with MenA conjugate vaccine (5µg) on 1 dose scheme"/>
      </expression>
    </condition>
    <condition>
      <kind value="applicability"/>
      <expression>
        <description value="&quot;Region recommends Meningococcal vaccination&quot; = TRUE"/>
        <language value="text/cql"/>
        <expression value="Should vaccinate patient with MenA conjugate vaccine (5µg) on 1 dose scheme"/>
      </expression>
    </condition>
    <definitionCanonical value="http://fhir.org/guides/who/smart-immunization/ActivityDefinition/IMMZ.DT.16.Meningococcal.03"/>
  </action>
  <action>
    <title value="Immunize Patient for Meningococcal - Non-recurring Booster"/>
    <description value="Provide Meningococcal immunizations – using the &quot;MenA conjugate vaccine (5µg) immunization – Single non-recurring BOOSTER&quot; schedule (1 dose booster)"/>
    <condition>
      <kind value="applicability"/>
      <expression>
        <description value="&quot;Patient has completed Meningococcal primary series&quot; = TRUE"/>
        <language value="text/cql"/>
        <expression value="Should vaccinate patient with MenA conjugate vaccine (5µg) non-recurring booster 3-5 years after last shot"/>
      </expression>
    </condition>
    <condition>
      <kind value="applicability"/>
      <expression>
        <description value="&quot;Date last Meningococcal dose given&quot; &gt;= &quot;3 years&quot;"/>
        <language value="text/cql"/>
        <expression value="Should vaccinate patient with MenA conjugate vaccine (5µg) non-recurring booster 3-5 years after last shot"/>
      </expression>
    </condition>
    <condition>
      <kind value="applicability"/>
      <expression>
        <description value="&quot;Date last Meningococcal dose given&quot; &lt;= &quot;5 years&quot;"/>
        <language value="text/cql"/>
        <expression value="Should vaccinate patient with MenA conjugate vaccine (5µg) non-recurring booster 3-5 years after last shot"/>
      </expression>
    </condition>
    <condition>
      <kind value="applicability"/>
      <expression>
        <description value="&quot;Type of last Meningococcal dose&quot; = &quot;MenA conjugate vaccine (5µg)&quot;"/>
        <language value="text/cql"/>
        <expression value="Should vaccinate patient with MenA conjugate vaccine (5µg) non-recurring booster 3-5 years after last shot"/>
      </expression>
    </condition>
    <condition>
      <kind value="applicability"/>
      <expression>
        <description value="&quot;Individual has a continued high risk of exposure (including health workers)&quot; = TRUE"/>
        <language value="text/cql"/>
        <expression value="Should vaccinate patient with MenA conjugate vaccine (5µg) non-recurring booster 3-5 years after last shot"/>
      </expression>
    </condition>
    <condition>
      <kind value="applicability"/>
      <expression>
        <description value="&quot;Region recommends Meningococcal vaccination&quot; = TRUE"/>
        <language value="text/cql"/>
        <expression value="Should vaccinate patient with MenA conjugate vaccine (5µg) non-recurring booster 3-5 years after last shot"/>
      </expression>
    </condition>
    <definitionCanonical value="http://fhir.org/guides/who/smart-immunization/ActivityDefinition/IMMZ.DT.16.Meningococcal.04"/>
  </action>
  <action>
    <title value="Immunize Patient for Meningococcal - No Doses"/>
    <description value="Provide Meningococcal immunizations – using the &quot;monovalent MenC conjugate vaccine immunization – NO PREVIOUS&quot; schedule (1 dose scheme)"/>
    <condition>
      <kind value="applicability"/>
      <expression>
        <description value="&quot;Meningococcal vaccine immunization history&quot; = &quot;No-doses&quot;"/>
        <language value="text/cql"/>
        <expression value="Should vaccinate patient with monovalent MenC conjugate vaccine because no dose on 1 dose scheme"/>
      </expression>
    </condition>
    <condition>
      <kind value="applicability"/>
      <expression>
        <description value="&quot;Current Patient Age in Months&quot; &gt;= 12"/>
        <language value="text/cql"/>
        <expression value="Should vaccinate patient with monovalent MenC conjugate vaccine because no dose on 1 dose scheme"/>
      </expression>
    </condition>
    <condition>
      <kind value="applicability"/>
      <expression>
        <description value="&quot;Region recommends Meningococcal vaccination&quot; = TRUE"/>
        <language value="text/cql"/>
        <expression value="Should vaccinate patient with monovalent MenC conjugate vaccine because no dose on 1 dose scheme"/>
      </expression>
    </condition>
    <definitionCanonical value="http://fhir.org/guides/who/smart-immunization/ActivityDefinition/IMMZ.DT.16.Meningococcal.05"/>
  </action>
  <action>
    <title value="Immunize Patient for Meningococcal - No Doses"/>
    <description value="Provide Meningococcal immunizations – using the &quot;monovalent MenC conjugate vaccine immunization – NO PREVIOUS&quot; schedule (2 dose scheme)"/>
    <condition>
      <kind value="applicability"/>
      <expression>
        <description value="&quot;Meningococcal vaccine immunization history&quot; = &quot;No-doses&quot;"/>
        <language value="text/cql"/>
        <expression value="Should vaccinate patient with monovalent MenC conjugate vaccine because no dose on 2 dose scheme"/>
      </expression>
    </condition>
    <condition>
      <kind value="applicability"/>
      <expression>
        <description value="&quot;Current Patient Age in Months&quot; &gt;= 2"/>
        <language value="text/cql"/>
        <expression value="Should vaccinate patient with monovalent MenC conjugate vaccine because no dose on 2 dose scheme"/>
      </expression>
    </condition>
    <condition>
      <kind value="applicability"/>
      <expression>
        <description value="&quot;Current Patient Age in Months&quot; &lt;= 11"/>
        <language value="text/cql"/>
        <expression value="Should vaccinate patient with monovalent MenC conjugate vaccine because no dose on 2 dose scheme"/>
      </expression>
    </condition>
    <condition>
      <kind value="applicability"/>
      <expression>
        <description value="&quot;Region recommends Meningococcal vaccination&quot; = TRUE"/>
        <language value="text/cql"/>
        <expression value="Should vaccinate patient with monovalent MenC conjugate vaccine because no dose on 2 dose scheme"/>
      </expression>
    </condition>
    <definitionCanonical value="http://fhir.org/guides/who/smart-immunization/ActivityDefinition/IMMZ.DT.16.Meningococcal.06"/>
  </action>
  <action>
    <title value="Immunize Patient for Meningococcal - 1 Dose"/>
    <description value="Provide Meningococcal immunizations – using the &quot;monovalent MenC conjugate vaccine immunization – 1 PREVIOUS&quot; schedule (2 dose scheme)"/>
    <condition>
      <kind value="applicability"/>
      <expression>
        <description value="&quot;Meningococcal vaccine immunization history&quot; = &quot;1 dose&quot;"/>
        <language value="text/cql"/>
        <expression value="Should vaccinate patient with monovalent MenC conjugate vaccine because 1 dose on 2 dose scheme"/>
      </expression>
    </condition>
    <condition>
      <kind value="applicability"/>
      <expression>
        <description value="&quot;Current Patient Age in Months&quot; &gt;= 2"/>
        <language value="text/cql"/>
        <expression value="Should vaccinate patient with monovalent MenC conjugate vaccine because 1 dose on 2 dose scheme"/>
      </expression>
    </condition>
    <condition>
      <kind value="applicability"/>
      <expression>
        <description value="&quot;Current Patient Age in Months&quot; &lt;= 11"/>
        <language value="text/cql"/>
        <expression value="Should vaccinate patient with monovalent MenC conjugate vaccine because 1 dose on 2 dose scheme"/>
      </expression>
    </condition>
    <condition>
      <kind value="applicability"/>
      <expression>
        <description value="&quot;Date last Meningococcal dose given&quot; &gt;= &quot;8 weeks&quot;"/>
        <language value="text/cql"/>
        <expression value="Should vaccinate patient with monovalent MenC conjugate vaccine because 1 dose on 2 dose scheme"/>
      </expression>
    </condition>
    <condition>
      <kind value="applicability"/>
      <expression>
        <description value="&quot;Type of last Meningococcal dose&quot; = &quot;monovalent MenC conjugate&quot;"/>
        <language value="text/cql"/>
        <expression value="Should vaccinate patient with monovalent MenC conjugate vaccine because 1 dose on 2 dose scheme"/>
      </expression>
    </condition>
    <definitionCanonical value="http://fhir.org/guides/who/smart-immunization/ActivityDefinition/IMMZ.DT.16.Meningococcal.07"/>
  </action>
  <action>
    <title value="Immunize Patient for Meningococcal - Non-recurring Booster"/>
    <description value="Provide Meningococcal immunizations – using the &quot;monovalent MenC conjugate vaccine immunization – Single non-recurring BOOSTER&quot; schedule (1 dose booster)"/>
    <condition>
      <kind value="applicability"/>
      <expression>
        <description value="&quot;Meningococcal vaccine immunization history&quot; = &quot;2 doses&quot;"/>
        <language value="text/cql"/>
        <expression value="Should vaccinate patient with monovalent MenC conjugate vaccine non-recurring booster because 1 year after last shot"/>
      </expression>
    </condition>
    <condition>
      <kind value="applicability"/>
      <expression>
        <description value="&quot;Date last Meningococcal dose given&quot; &gt;= &quot;1 year&quot;"/>
        <language value="text/cql"/>
        <expression value="Should vaccinate patient with monovalent MenC conjugate vaccine non-recurring booster because 1 year after last shot"/>
      </expression>
    </condition>
    <condition>
      <kind value="applicability"/>
      <expression>
        <description value="&quot;Type of last Meningococcal dose&quot; = &quot;monovalent MenC conjugate&quot;"/>
        <language value="text/cql"/>
        <expression value="Should vaccinate patient with monovalent MenC conjugate vaccine non-recurring booster because 1 year after last shot"/>
      </expression>
    </condition>
    <condition>
      <kind value="applicability"/>
      <expression>
        <description value="&quot;Age when patient received 1st dose&quot; &gt;= &quot;2 months&quot;"/>
        <language value="text/cql"/>
        <expression value="Should vaccinate patient with monovalent MenC conjugate vaccine non-recurring booster because 1 year after last shot"/>
      </expression>
    </condition>
    <condition>
      <kind value="applicability"/>
      <expression>
        <description value="&quot;Age when patient received 1st dose&quot; &lt;= &quot;11 months&quot;"/>
        <language value="text/cql"/>
        <expression value="Should vaccinate patient with monovalent MenC conjugate vaccine non-recurring booster because 1 year after last shot"/>
      </expression>
    </condition>
    <condition>
      <kind value="applicability"/>
      <expression>
        <description value="&quot;Region recommends Meningococcal vaccination&quot; = TRUE"/>
        <language value="text/cql"/>
        <expression value="Should vaccinate patient with monovalent MenC conjugate vaccine non-recurring booster because 1 year after last shot"/>
      </expression>
    </condition>
    <definitionCanonical value="http://fhir.org/guides/who/smart-immunization/ActivityDefinition/IMMZ.DT.16.Meningococcal.08"/>
  </action>
  <action>
    <title value="Immunize Patient for Meningococcal - Non-recurring Booster"/>
    <description value="Provide Meningococcal immunizations – using the &quot;monovalent MenC conjugate immunization – Single non-recurring BOOSTER&quot; schedule (1 dose booster)"/>
    <condition>
      <kind value="applicability"/>
      <expression>
        <description value="&quot;Patient has completed Meningococcal primary series&quot; = TRUE"/>
        <language value="text/cql"/>
        <expression value="Should vaccinate patient with monovalent MenC conjugate non-recurring booster 3-5 years after last shot"/>
      </expression>
    </condition>
    <condition>
      <kind value="applicability"/>
      <expression>
        <description value="&quot;Date last Meningococcal dose given&quot; &gt;= &quot;3 years&quot;"/>
        <language value="text/cql"/>
        <expression value="Should vaccinate patient with monovalent MenC conjugate non-recurring booster 3-5 years after last shot"/>
      </expression>
    </condition>
    <condition>
      <kind value="applicability"/>
      <expression>
        <description value="&quot;Date last Meningococcal dose given&quot; &lt;= &quot;5 years&quot;"/>
        <language value="text/cql"/>
        <expression value="Should vaccinate patient with monovalent MenC conjugate non-recurring booster 3-5 years after last shot"/>
      </expression>
    </condition>
    <condition>
      <kind value="applicability"/>
      <expression>
        <description value="&quot;Type of last Meningococcal dose&quot; = &quot;monovalent MenC conjugate&quot;"/>
        <language value="text/cql"/>
        <expression value="Should vaccinate patient with monovalent MenC conjugate non-recurring booster 3-5 years after last shot"/>
      </expression>
    </condition>
    <condition>
      <kind value="applicability"/>
      <expression>
        <description value="&quot;Individual has a continued high risk of exposure (including health workers)&quot; = TRUE"/>
        <language value="text/cql"/>
        <expression value="Should vaccinate patient with monovalent MenC conjugate non-recurring booster 3-5 years after last shot"/>
      </expression>
    </condition>
    <condition>
      <kind value="applicability"/>
      <expression>
        <description value="&quot;Region recommends Meningococcal vaccination&quot; = TRUE"/>
        <language value="text/cql"/>
        <expression value="Should vaccinate patient with monovalent MenC conjugate non-recurring booster 3-5 years after last shot"/>
      </expression>
    </condition>
    <definitionCanonical value="http://fhir.org/guides/who/smart-immunization/ActivityDefinition/IMMZ.DT.16.Meningococcal.09"/>
  </action>
  <action>
    <title value="Immunize Patient for Meningococcal - No Doses"/>
    <description value="Provide Meningococcal immunizations – using the &quot;Quadrivalent conjugate vaccines (A,C,W135,Y-D and A,C,W135,Y-CRM) immunization – NO PREVIOUS&quot; schedule (1 dose scheme)"/>
    <condition>
      <kind value="applicability"/>
      <expression>
        <description value="&quot;Meningococcal vaccine immunization history&quot; = &quot;No-doses&quot;"/>
        <language value="text/cql"/>
        <expression value="Should vaccinate patient with Quadrivalent conjugate vaccines (A,C,W135,Y-D and A,C,W135,Y-CRM) because no dose on 1 dose scheme"/>
      </expression>
    </condition>
    <condition>
      <kind value="applicability"/>
      <expression>
        <description value="&quot;Current Patient Age in Years&quot; &gt;= 2"/>
        <language value="text/cql"/>
        <expression value="Should vaccinate patient with Quadrivalent conjugate vaccines (A,C,W135,Y-D and A,C,W135,Y-CRM) because no dose on 1 dose scheme"/>
      </expression>
    </condition>
    <condition>
      <kind value="applicability"/>
      <expression>
        <description value="&quot;Region recommends Meningococcal vaccination&quot; = TRUE"/>
        <language value="text/cql"/>
        <expression value="Should vaccinate patient with Quadrivalent conjugate vaccines (A,C,W135,Y-D and A,C,W135,Y-CRM) because no dose on 1 dose scheme"/>
      </expression>
    </condition>
    <definitionCanonical value="http://fhir.org/guides/who/smart-immunization/ActivityDefinition/IMMZ.DT.16.Meningococcal.10"/>
  </action>
  <action>
    <title value="Immunize Patient for Meningococcal - No Doses"/>
    <description value="Provide Meningococcal immunizations – using the &quot;Quadrivalent conjugate vaccines (A,C,W135,Y-D) immunization – NO PREVIOUS&quot; schedule (2 dose scheme)"/>
    <condition>
      <kind value="applicability"/>
      <expression>
        <description value="&quot;Meningococcal vaccine immunization history&quot; = &quot;No-doses&quot;"/>
        <language value="text/cql"/>
        <expression value="Should vaccinate patient with Quadrivalent conjugate vaccines (A,C,W135,Y-D) because no dose on 2 dose scheme"/>
      </expression>
    </condition>
    <condition>
      <kind value="applicability"/>
      <expression>
        <description value="&quot;Current Patient Age in Months&quot; &gt;= 9"/>
        <language value="text/cql"/>
        <expression value="Should vaccinate patient with Quadrivalent conjugate vaccines (A,C,W135,Y-D) because no dose on 2 dose scheme"/>
      </expression>
    </condition>
    <condition>
      <kind value="applicability"/>
      <expression>
        <description value="&quot;Current Patient Age in Months&quot; &lt;= 23"/>
        <language value="text/cql"/>
        <expression value="Should vaccinate patient with Quadrivalent conjugate vaccines (A,C,W135,Y-D) because no dose on 2 dose scheme"/>
      </expression>
    </condition>
    <condition>
      <kind value="applicability"/>
      <expression>
        <description value="&quot;Region recommends Meningococcal vaccination&quot; = TRUE"/>
        <language value="text/cql"/>
        <expression value="Should vaccinate patient with Quadrivalent conjugate vaccines (A,C,W135,Y-D) because no dose on 2 dose scheme"/>
      </expression>
    </condition>
    <definitionCanonical value="http://fhir.org/guides/who/smart-immunization/ActivityDefinition/IMMZ.DT.16.Meningococcal.11"/>
  </action>
  <action>
    <title value="Immunize Patient for Meningococcal - 1 Dose"/>
    <description value="Provide Meningococcal immunizations – using the &quot;Quadrivalent conjugate vaccines (A,C,W135,Y-D) immunization – 1 PREVIOUS&quot; schedule (2 dose scheme)"/>
    <condition>
      <kind value="applicability"/>
      <expression>
        <description value="&quot;Meningococcal vaccine immunization history&quot; = &quot;1 dose&quot;"/>
        <language value="text/cql"/>
        <expression value="Should vaccinate patient with Quadrivalent conjugate vaccines (A,C,W135,Y-D) on 2 dose scheme"/>
      </expression>
    </condition>
    <condition>
      <kind value="applicability"/>
      <expression>
        <description value="&quot;Date last Meningococcal dose given &quot; &gt;= &quot;12 weeks&quot;"/>
        <language value="text/cql"/>
        <expression value="Should vaccinate patient with Quadrivalent conjugate vaccines (A,C,W135,Y-D) on 2 dose scheme"/>
      </expression>
    </condition>
    <condition>
      <kind value="applicability"/>
      <expression>
        <description value="&quot;Type of last Meningococcal dose&quot; = &quot;Quadrivalent conjugate&quot;"/>
        <language value="text/cql"/>
        <expression value="Should vaccinate patient with Quadrivalent conjugate vaccines (A,C,W135,Y-D) on 2 dose scheme"/>
      </expression>
    </condition>
    <definitionCanonical value="http://fhir.org/guides/who/smart-immunization/ActivityDefinition/IMMZ.DT.16.Meningococcal.12"/>
  </action>
  <action>
    <title value="Immunize Patient for Meningococcal - Non-recurring Booster"/>
    <description value="Provide Meningococcal immunizations – using the &quot;Quadrivalent conjugate vaccines (A,C,W135,Y-D) immunization – Single non-recurring BOOSTER&quot; schedule (1 dose booster)"/>
    <condition>
      <kind value="applicability"/>
      <expression>
        <description value="&quot;Patient has completed Meningococcal primary series&quot; = TRUE"/>
        <language value="text/cql"/>
        <expression value="Should vaccinate patient with Quadrivalent conjugate vaccines (A,C,W135,Y-D) non-recurring booster 3-5 years after last shot"/>
      </expression>
    </condition>
    <condition>
      <kind value="applicability"/>
      <expression>
        <description value="&quot;Date last Meningococcal dose given&quot; &gt;= &quot;3 years&quot;"/>
        <language value="text/cql"/>
        <expression value="Should vaccinate patient with Quadrivalent conjugate vaccines (A,C,W135,Y-D) non-recurring booster 3-5 years after last shot"/>
      </expression>
    </condition>
    <condition>
      <kind value="applicability"/>
      <expression>
        <description value="&quot;Date last Meningococcal dose given&quot; &lt;= &quot;5 years&quot;"/>
        <language value="text/cql"/>
        <expression value="Should vaccinate patient with Quadrivalent conjugate vaccines (A,C,W135,Y-D) non-recurring booster 3-5 years after last shot"/>
      </expression>
    </condition>
    <condition>
      <kind value="applicability"/>
      <expression>
        <description value="&quot;Type of last Meningococcal dose&quot; = &quot;Quadrivalent conjugate&quot;"/>
        <language value="text/cql"/>
        <expression value="Should vaccinate patient with Quadrivalent conjugate vaccines (A,C,W135,Y-D) non-recurring booster 3-5 years after last shot"/>
      </expression>
    </condition>
    <condition>
      <kind value="applicability"/>
      <expression>
        <description value="&quot;Individual has a continued high risk of exposure (including health workers)&quot; = TRUE"/>
        <language value="text/cql"/>
        <expression value="Should vaccinate patient with Quadrivalent conjugate vaccines (A,C,W135,Y-D) non-recurring booster 3-5 years after last shot"/>
      </expression>
    </condition>
    <condition>
      <kind value="applicability"/>
      <expression>
        <description value="&quot;Region recommends Meningococcal vaccination&quot; = TRUE"/>
        <language value="text/cql"/>
        <expression value="Should vaccinate patient with Quadrivalent conjugate vaccines (A,C,W135,Y-D) non-recurring booster 3-5 years after last shot"/>
      </expression>
    </condition>
    <definitionCanonical value="http://fhir.org/guides/who/smart-immunization/ActivityDefinition/IMMZ.DT.16.Meningococcal.13"/>
  </action>
</PlanDefinition>