<?xml version="1.0" encoding="UTF-8"?><ActivityDefinition xmlns="http://hl7.org/fhir"><id value="IMMZD2DTMeaslesEval"/><meta><profile value="http://hl7.org/fhir/uv/cpg/StructureDefinition/cpg-servicerequestactivity"/></meta><extension url="http://hl7.org/fhir/uv/cpg/StructureDefinition/cpg-knowledgeCapability"><valueCode value="computable"/></extension><url value="http://smart.who.int/ig/smart-immunizations/ActivityDefinition/IMMZD2DTMeaslesEval"/><version value="0.1.0"/><name value="IMMZD2DTMeaslesContraindicationEvaluation"/><title value="IMMZ.D2.DT.Measles.Eval"/><status value="draft"/><experimental value="false"/><date value="2023-10-03"/><publisher value="World Health Organization (WHO)"/><contact><name value="World Health Organization (WHO)"/><telecom><system value="url"/><value value="https://www.who.int"/></telecom></contact><description value="Provide measles immunization"/><jurisdiction><coding><system value="http://unstats.un.org/unsd/methods/m49/m49.htm"/><code value="001"/></coding></jurisdiction><library value="http://smart.who.int/ig/smart-immunizations/Library/IMMZD2DTMeasles"/><kind value="ServiceRequest"/><profile value="http://hl7.org/fhir/uv/cpg/StructureDefinition/cpg-servicerequest"/><intent value="proposal"/><doNotPerform value="false"/><dynamicValue><path value="code.coding"/><expression><description value="Measles Code"/><language value="text/cql"/><expression value="Code { system: 'http://hl7.org/fhir/sid/icd-11', code: 'XM28X5' }"/></expression></dynamicValue></ActivityDefinition>