<?xml version="1.0" encoding="UTF-8"?><ConceptMap xmlns="http://hl7.org/fhir"><id value="IMMZ.D4.ConceptMap"/><text><status value="extensions"/><div xmlns="http://www.w3.org/1999/xhtml"><p>Mapping from (not specified) to (not specified)</p><p>ACTIVE. Published on 2023-10-09 by World Health Organization (WHO) (World Health Organization (WHO): <a href="https://www.who.int">https://www.who.int</a>). </p><div><p>Mapping to and from IMMZ.D4 Data Dictionary to other codesystems.</p>
</div><br/><p><b>Group 1</b>Mapping from <a href="CodeSystem-IMMZ.D4.html">IMMZ.D4 CodeSystem for Check Contraindications Data Elements</a> to <code>http://hl7.org/fhir/sid/icd-11</code></p><table class="grid"><tr><td><b>Source Code</b></td><td><b>Relationship</b></td><td><b>Target Code</b></td></tr><tr><td>DE162 (Currently pregnant)</td><td><a href="http://hl7.org/fhir/R4/codesystem-concept-map-equivalence.html#null"/></td><td>QA41</td></tr><tr><td>DE165 (Severely immunosuppressed)</td><td><a href="http://hl7.org/fhir/R4/codesystem-concept-map-equivalence.html#null"/></td><td>4B4Z</td></tr><tr><td>DE166 (History of anaphylactic reactions)</td><td><a href="http://hl7.org/fhir/R4/codesystem-concept-map-equivalence.html#null"/></td><td>QC44.0</td></tr><tr><td>DE167 (Severe allergic reactions)</td><td><a href="http://hl7.org/fhir/R4/codesystem-concept-map-equivalence.html#null"/></td><td>QC44.2</td></tr><tr><td>DE168 (Symptomatic HIV infection)</td><td><a href="http://hl7.org/fhir/R4/codesystem-concept-map-equivalence.html#null"/></td><td>1C62.1</td></tr></table><hr/><p><b>Group 2</b>Mapping from <code>http://hl7.org/fhir/sid/icd-11</code> to <a href="CodeSystem-IMMZ.D4.html">IMMZ.D4 CodeSystem for Check Contraindications Data Elements</a></p><table class="grid"><tr><td><b>Source Code</b></td><td><b>Relationship</b></td><td><b>Target Code</b></td></tr><tr><td>QA41</td><td><a href="http://hl7.org/fhir/R4/codesystem-concept-map-equivalence.html#null"/></td><td>DE162 (Currently pregnant)</td></tr><tr><td>4B4Z</td><td><a href="http://hl7.org/fhir/R4/codesystem-concept-map-equivalence.html#null"/></td><td>DE165 (Severely immunosuppressed)</td></tr><tr><td>QC44.0</td><td><a href="http://hl7.org/fhir/R4/codesystem-concept-map-equivalence.html#null"/></td><td>DE166 (History of anaphylactic reactions)</td></tr><tr><td>QC44.2</td><td><a href="http://hl7.org/fhir/R4/codesystem-concept-map-equivalence.html#null"/></td><td>DE167 (Severe allergic reactions)</td></tr><tr><td>1C62.1</td><td><a href="http://hl7.org/fhir/R4/codesystem-concept-map-equivalence.html#null"/></td><td>DE168 (Symptomatic HIV infection)</td></tr></table><hr/><p><b>Group 3</b>Mapping from <a href="CodeSystem-IMMZ.D4.html">IMMZ.D4 CodeSystem for Check Contraindications Data Elements</a> to <a href="http://terminology.hl7.org/5.2.0/CodeSystem-v3-loinc.html">Logical Observation Identifiers, Names and Codes (LOINC)</a></p><table class="grid"><tr><td><b>Source Code</b></td><td><b>Relationship</b></td><td><b>Target Code</b></td></tr><tr><td>DE162 (Currently pregnant)</td><td><a href="http://hl7.org/fhir/R4/codesystem-concept-map-equivalence.html#null"/></td><td>82810-3</td></tr><tr><td>DE165 (Severely immunosuppressed)</td><td><a href="http://hl7.org/fhir/R4/codesystem-concept-map-equivalence.html#null"/></td><td>96381-9</td></tr><tr><td>DE168 (Symptomatic HIV infection)</td><td><a href="http://hl7.org/fhir/R4/codesystem-concept-map-equivalence.html#null"/></td><td>47244-9</td></tr></table><hr/><p><b>Group 4</b>Mapping from <a href="http://terminology.hl7.org/5.2.0/CodeSystem-v3-loinc.html">Logical Observation Identifiers, Names and Codes (LOINC)</a> to <a href="CodeSystem-IMMZ.D4.html">IMMZ.D4 CodeSystem for Check Contraindications Data Elements</a></p><table class="grid"><tr><td><b>Source Code</b></td><td><b>Relationship</b></td><td><b>Target Code</b></td></tr><tr><td>82810-3</td><td><a href="http://hl7.org/fhir/R4/codesystem-concept-map-equivalence.html#null"/></td><td>DE162 (Currently pregnant)</td></tr><tr><td>96381-9</td><td><a href="http://hl7.org/fhir/R4/codesystem-concept-map-equivalence.html#null"/></td><td>DE165 (Severely immunosuppressed)</td></tr><tr><td>47244-9</td><td><a href="http://hl7.org/fhir/R4/codesystem-concept-map-equivalence.html#null"/></td><td>DE168 (Symptomatic HIV infection)</td></tr></table><hr/><p><b>Group 5</b>Mapping from <a href="CodeSystem-IMMZ.D4.html">IMMZ.D4 CodeSystem for Check Contraindications Data Elements</a> to <a href="http://hl7.org/fhir/R4/codesystem-snomedct.html">SNOMED CT (all versions)</a></p><table class="grid"><tr><td><b>Source Code</b></td><td><b>Relationship</b></td><td><b>Target Code</b></td></tr><tr><td>DE162 (Currently pregnant)</td><td><a href="http://hl7.org/fhir/R4/codesystem-concept-map-equivalence.html#null"/></td><td>77386006</td></tr><tr><td>DE165 (Severely immunosuppressed)</td><td><a href="http://hl7.org/fhir/R4/codesystem-concept-map-equivalence.html#null"/></td><td>370388006</td></tr><tr><td>DE166 (History of anaphylactic reactions)</td><td><a href="http://hl7.org/fhir/R4/codesystem-concept-map-equivalence.html#null"/></td><td>10839421000119100</td></tr><tr><td>DE167 (Severe allergic reactions)</td><td><a href="http://hl7.org/fhir/R4/codesystem-concept-map-equivalence.html#null"/></td><td>419076005</td></tr><tr><td>DE168 (Symptomatic HIV infection)</td><td><a href="http://hl7.org/fhir/R4/codesystem-concept-map-equivalence.html#null"/></td><td>86406008</td></tr></table><hr/><p><b>Group 6</b>Mapping from <a href="http://hl7.org/fhir/R4/codesystem-snomedct.html">SNOMED CT (all versions)</a> to <a href="CodeSystem-IMMZ.D4.html">IMMZ.D4 CodeSystem for Check Contraindications Data Elements</a></p><table class="grid"><tr><td><b>Source Code</b></td><td><b>Relationship</b></td><td><b>Target Code</b></td></tr><tr><td>77386006</td><td><a href="http://hl7.org/fhir/R4/codesystem-concept-map-equivalence.html#null"/></td><td>DE162 (Currently pregnant)</td></tr><tr><td>370388006</td><td><a href="http://hl7.org/fhir/R4/codesystem-concept-map-equivalence.html#null"/></td><td>DE165 (Severely immunosuppressed)</td></tr><tr><td>10839421000119100</td><td><a href="http://hl7.org/fhir/R4/codesystem-concept-map-equivalence.html#null"/></td><td>DE166 (History of anaphylactic reactions)</td></tr><tr><td>419076005</td><td><a href="http://hl7.org/fhir/R4/codesystem-concept-map-equivalence.html#null"/></td><td>DE167 (Severe allergic reactions)</td></tr><tr><td>86406008</td><td><a href="http://hl7.org/fhir/R4/codesystem-concept-map-equivalence.html#null"/></td><td>DE168 (Symptomatic HIV infection)</td></tr></table></div></text><url value="http://smart.who.int/ig/smart-immunizations/ConceptMap/IMMZ.D4.ConceptMap"/><version value="0.1.0"/><name value="IMMZ_D4_ConceptMap"/><title value="ConceptMap to and from IMMZ.D4 DataElements"/><status value="active"/><experimental value="false"/><date value="2023-10-09"/><publisher value="World Health Organization (WHO)"/><contact><name value="World Health Organization (WHO)"/><telecom><system value="url"/><value value="https://www.who.int"/></telecom></contact><description value="Mapping to and from IMMZ.D4 Data Dictionary to other codesystems."/><jurisdiction><coding><system value="http://unstats.un.org/unsd/methods/m49/m49.htm"/><code value="001"/></coding></jurisdiction><group><source value="http://smart.who.int/ig/smart-immunizations/CodeSystem/IMMZ.D4"/><target value="http://hl7.org/fhir/sid/icd-11"/><element><code value="DE162"/><target><modifierExtension url="http://hl7.org/fhir/1.0/StructureDefinition/extension-ConceptMap.element.target.equivalence"><valueCode value="equivalent"/></modifierExtension><code value="QA41"/><equivalence value="equivalent"/></target></element><element><code value="DE165"/><target><modifierExtension url="http://hl7.org/fhir/1.0/StructureDefinition/extension-ConceptMap.element.target.equivalence"><valueCode value="relatedto"/></modifierExtension><code value="4B4Z"/><equivalence value="relatedto"/></target></element><element><code value="DE166"/><target><modifierExtension url="http://hl7.org/fhir/1.0/StructureDefinition/extension-ConceptMap.element.target.equivalence"><valueCode value="equivalent"/></modifierExtension><code value="QC44.0"/><equivalence value="equivalent"/></target></element><element><code value="DE167"/><target><modifierExtension url="http://hl7.org/fhir/1.0/StructureDefinition/extension-ConceptMap.element.target.equivalence"><valueCode value="relatedto"/></modifierExtension><code value="QC44.2"/><equivalence value="relatedto"/></target></element><element><code value="DE168"/><target><modifierExtension url="http://hl7.org/fhir/1.0/StructureDefinition/extension-ConceptMap.element.target.equivalence"><valueCode value="equivalent"/></modifierExtension><code value="1C62.1"/><equivalence value="equivalent"/></target></element></group><group><source value="http://hl7.org/fhir/sid/icd-11"/><target value="http://smart.who.int/ig/smart-immunizations/CodeSystem/IMMZ.D4"/><element><code value="QA41"/><target><modifierExtension url="http://hl7.org/fhir/1.0/StructureDefinition/extension-ConceptMap.element.target.equivalence"><valueCode value="equivalent"/></modifierExtension><code value="DE162"/><equivalence value="equivalent"/></target></element><element><code value="4B4Z"/><target><modifierExtension url="http://hl7.org/fhir/1.0/StructureDefinition/extension-ConceptMap.element.target.equivalence"><valueCode value="relatedto"/></modifierExtension><code value="DE165"/><equivalence value="relatedto"/></target></element><element><code value="QC44.0"/><target><modifierExtension url="http://hl7.org/fhir/1.0/StructureDefinition/extension-ConceptMap.element.target.equivalence"><valueCode value="equivalent"/></modifierExtension><code value="DE166"/><equivalence value="equivalent"/></target></element><element><code value="QC44.2"/><target><modifierExtension url="http://hl7.org/fhir/1.0/StructureDefinition/extension-ConceptMap.element.target.equivalence"><valueCode value="relatedto"/></modifierExtension><code value="DE167"/><equivalence value="relatedto"/></target></element><element><code value="1C62.1"/><target><modifierExtension url="http://hl7.org/fhir/1.0/StructureDefinition/extension-ConceptMap.element.target.equivalence"><valueCode value="equivalent"/></modifierExtension><code value="DE168"/><equivalence value="equivalent"/></target></element></group><group><source value="http://smart.who.int/ig/smart-immunizations/CodeSystem/IMMZ.D4"/><target value="http://loinc.org"/><element><code value="DE162"/><target><modifierExtension url="http://hl7.org/fhir/1.0/StructureDefinition/extension-ConceptMap.element.target.equivalence"><valueCode value="equivalent"/></modifierExtension><code value="82810-3"/><equivalence value="equivalent"/></target></element><element><code value="DE165"/><target><modifierExtension url="http://hl7.org/fhir/1.0/StructureDefinition/extension-ConceptMap.element.target.equivalence"><valueCode value="relatedto"/></modifierExtension><code value="96381-9"/><equivalence value="relatedto"/></target></element><element><code value="DE168"/><target><modifierExtension url="http://hl7.org/fhir/1.0/StructureDefinition/extension-ConceptMap.element.target.equivalence"><valueCode value="wider"/></modifierExtension><code value="47244-9"/><equivalence value="wider"/></target></element></group><group><source value="http://loinc.org"/><target value="http://smart.who.int/ig/smart-immunizations/CodeSystem/IMMZ.D4"/><element><code value="82810-3"/><target><modifierExtension url="http://hl7.org/fhir/1.0/StructureDefinition/extension-ConceptMap.element.target.equivalence"><valueCode value="equivalent"/></modifierExtension><code value="DE162"/><equivalence value="equivalent"/></target></element><element><code value="96381-9"/><target><modifierExtension url="http://hl7.org/fhir/1.0/StructureDefinition/extension-ConceptMap.element.target.equivalence"><valueCode value="relatedto"/></modifierExtension><code value="DE165"/><equivalence value="relatedto"/></target></element><element><code value="47244-9"/><target><modifierExtension url="http://hl7.org/fhir/1.0/StructureDefinition/extension-ConceptMap.element.target.equivalence"><valueCode value="narrower"/></modifierExtension><code value="DE168"/><equivalence value="narrower"/></target></element></group><group><source value="http://smart.who.int/ig/smart-immunizations/CodeSystem/IMMZ.D4"/><target value="http://snomed.info/sct"/><element><code value="DE162"/><target><modifierExtension url="http://hl7.org/fhir/1.0/StructureDefinition/extension-ConceptMap.element.target.equivalence"><valueCode value="equivalent"/></modifierExtension><code value="77386006"/><equivalence value="equivalent"/></target></element><element><code value="DE165"/><target><modifierExtension url="http://hl7.org/fhir/1.0/StructureDefinition/extension-ConceptMap.element.target.equivalence"><valueCode value="equivalent"/></modifierExtension><code value="370388006"/><equivalence value="equivalent"/></target></element><element><code value="DE166"/><target><modifierExtension url="http://hl7.org/fhir/1.0/StructureDefinition/extension-ConceptMap.element.target.equivalence"><valueCode value="equivalent"/></modifierExtension><code value="10839421000119100"/><equivalence value="equivalent"/></target></element><element><code value="DE167"/><target><modifierExtension url="http://hl7.org/fhir/1.0/StructureDefinition/extension-ConceptMap.element.target.equivalence"><valueCode value="wider"/></modifierExtension><code value="419076005"/><equivalence value="wider"/></target></element><element><code value="DE168"/><target><modifierExtension url="http://hl7.org/fhir/1.0/StructureDefinition/extension-ConceptMap.element.target.equivalence"><valueCode value="equivalent"/></modifierExtension><code value="86406008"/><equivalence value="equivalent"/></target></element></group><group><source value="http://snomed.info/sct"/><target value="http://smart.who.int/ig/smart-immunizations/CodeSystem/IMMZ.D4"/><element><code value="77386006"/><target><modifierExtension url="http://hl7.org/fhir/1.0/StructureDefinition/extension-ConceptMap.element.target.equivalence"><valueCode value="equivalent"/></modifierExtension><code value="DE162"/><equivalence value="equivalent"/></target></element><element><code value="370388006"/><target><modifierExtension url="http://hl7.org/fhir/1.0/StructureDefinition/extension-ConceptMap.element.target.equivalence"><valueCode value="equivalent"/></modifierExtension><code value="DE165"/><equivalence value="equivalent"/></target></element><element><code value="10839421000119100"/><target><modifierExtension url="http://hl7.org/fhir/1.0/StructureDefinition/extension-ConceptMap.element.target.equivalence"><valueCode value="equivalent"/></modifierExtension><code value="DE166"/><equivalence value="equivalent"/></target></element><element><code value="419076005"/><target><modifierExtension url="http://hl7.org/fhir/1.0/StructureDefinition/extension-ConceptMap.element.target.equivalence"><valueCode value="narrower"/></modifierExtension><code value="DE167"/><equivalence value="narrower"/></target></element><element><code value="86406008"/><target><modifierExtension url="http://hl7.org/fhir/1.0/StructureDefinition/extension-ConceptMap.element.target.equivalence"><valueCode value="equivalent"/></modifierExtension><code value="DE168"/><equivalence value="equivalent"/></target></element></group></ConceptMap>