{"resourceType":"PlanDefinition","id":"IMMZD2DTMeaslesCI","meta":{"profile":["http://hl7.org/fhir/uv/cpg/StructureDefinition/cpg-recommendationdefinition"]},"extension":[{"url":"http://hl7.org/fhir/uv/cpg/StructureDefinition/cpg-knowledgeCapability","valueCode":"computable"}],"url":"http://smart.who.int/ig/smart-immunizations/PlanDefinition/IMMZD2DTMeaslesCI","version":"0.1.0","name":"IMMZD2DTMeaslesContraindication","title":"IMMZ.D2.DT.Measles.Contraindication","type":{"coding":[{"system":"http://terminology.hl7.org/CodeSystem/plan-definition-type","code":"eca-rule"}]},"status":"draft","experimental":false,"date":"2023-10-22T12:58:20+00:00","publisher":"World Health Organization (WHO)","contact":[{"name":"World Health Organization (WHO)","telecom":[{"system":"url","value":"https://www.who.int"}]}],"description":"Check contraindications for Measles vaccine","jurisdiction":[{"coding":[{"system":"http://unstats.un.org/unsd/methods/m49/m49.htm","code":"001"}]}],"library":["http://smart.who.int/ig/smart-immunizations/Library/IMMZD2DTMeasles"],"action":[{"title":"Check Contraindication for Measles Immunization","description":"Contraindication for measles immunization","condition":[{"kind":"applicability","expression":{"description":"MCV Dose Contraindicated","language":"text/cql-identifier","expression":"MCV Dose Contraindicated"}}],"type":{"coding":[{"code":"update"}]},"definitionCanonical":"http://smart.who.int/ig/smart-immunizations/ActivityDefinition/IMMZD2DTMeaslesCIMR"},{"title":"Evaluate Contraindication for Measles","description":"Provide further evaluation for measles contraindication","condition":[{"kind":"applicability","expression":{"description":"Contraindication Evaluation of the MCV dose","language":"text/cql-identifier","expression":"Contraindication Evaluation of the MCV dose"}}],"definitionCanonical":"http://smart.who.int/ig/smart-immunizations/ActivityDefinition/IMMZD2DTMeaslesEval"}]}