{
  "library" : {
    "type" : "Library",
    "identifier" : {
      "type" : "VersionedIdentifier",
      "id" : "IMMZDT20",
      "system" : "http://fhir.org/guides/who/smart-immunization"
    },
    "schemaIdentifier" : {
      "type" : "VersionedIdentifier",
      "id" : "urn:hl7-org:elm",
      "version" : "r1"
    },
    "usings" : {
      "type" : "Library$Usings",
      "def" : [ {
        "type" : "UsingDef",
        "localIdentifier" : "System",
        "uri" : "urn:hl7-org:elm-types:r1"
      }, {
        "type" : "UsingDef",
        "annotation" : [ {
          "s" : {
            "s" : [ {
              "name" : "{urn:hl7-org:cql-annotations:r1}s",
              "declaredType" : "org.hl7.cql_annotations.r1.Narrative",
              "scope" : "javax.xml.bind.JAXBElement$GlobalScope",
              "value" : {
                "s" : [ "// Start Skeleton CQL\n", "using " ]
              },
              "nil" : false,
              "globalScope" : true,
              "typeSubstituted" : false
            }, {
              "name" : "{urn:hl7-org:cql-annotations:r1}s",
              "declaredType" : "org.hl7.cql_annotations.r1.Narrative",
              "scope" : "javax.xml.bind.JAXBElement$GlobalScope",
              "value" : {
                "s" : [ {
                  "name" : "{urn:hl7-org:cql-annotations:r1}s",
                  "declaredType" : "org.hl7.cql_annotations.r1.Narrative",
                  "scope" : "javax.xml.bind.JAXBElement$GlobalScope",
                  "value" : {
                    "s" : [ "FHIR" ]
                  },
                  "nil" : false,
                  "globalScope" : true,
                  "typeSubstituted" : false
                } ]
              },
              "nil" : false,
              "globalScope" : true,
              "typeSubstituted" : false
            }, {
              "name" : "{urn:hl7-org:cql-annotations:r1}s",
              "declaredType" : "org.hl7.cql_annotations.r1.Narrative",
              "scope" : "javax.xml.bind.JAXBElement$GlobalScope",
              "value" : {
                "s" : [ " version ", "'4.0.1'" ]
              },
              "nil" : false,
              "globalScope" : true,
              "typeSubstituted" : false
            } ],
            "r" : "1"
          }
        } ],
        "localId" : "1",
        "locator" : "8:1-8:26",
        "localIdentifier" : "FHIR",
        "uri" : "http://hl7.org/fhir",
        "version" : "4.0.1"
      } ]
    },
    "includes" : {
      "type" : "Library$Includes",
      "def" : [ {
        "type" : "IncludeDef",
        "annotation" : [ {
          "s" : {
            "s" : [ {
              "name" : "{urn:hl7-org:cql-annotations:r1}s",
              "declaredType" : "org.hl7.cql_annotations.r1.Narrative",
              "scope" : "javax.xml.bind.JAXBElement$GlobalScope",
              "value" : {
                "s" : [ "", "include " ]
              },
              "nil" : false,
              "globalScope" : true,
              "typeSubstituted" : false
            }, {
              "name" : "{urn:hl7-org:cql-annotations:r1}s",
              "declaredType" : "org.hl7.cql_annotations.r1.Narrative",
              "scope" : "javax.xml.bind.JAXBElement$GlobalScope",
              "value" : {
                "s" : [ {
                  "name" : "{urn:hl7-org:cql-annotations:r1}s",
                  "declaredType" : "org.hl7.cql_annotations.r1.Narrative",
                  "scope" : "javax.xml.bind.JAXBElement$GlobalScope",
                  "value" : {
                    "s" : [ "FHIRHelpers" ]
                  },
                  "nil" : false,
                  "globalScope" : true,
                  "typeSubstituted" : false
                } ]
              },
              "nil" : false,
              "globalScope" : true,
              "typeSubstituted" : false
            }, {
              "name" : "{urn:hl7-org:cql-annotations:r1}s",
              "declaredType" : "org.hl7.cql_annotations.r1.Narrative",
              "scope" : "javax.xml.bind.JAXBElement$GlobalScope",
              "value" : {
                "s" : [ " version ", "'4.0.1'" ]
              },
              "nil" : false,
              "globalScope" : true,
              "typeSubstituted" : false
            } ],
            "r" : "2"
          }
        } ],
        "localId" : "2",
        "locator" : "9:1-9:35",
        "localIdentifier" : "FHIRHelpers",
        "path" : "http://fhir.org/guides/who/smart-immunization/FHIRHelpers",
        "version" : "4.0.1"
      }, {
        "type" : "IncludeDef",
        "annotation" : [ {
          "s" : {
            "s" : [ {
              "name" : "{urn:hl7-org:cql-annotations:r1}s",
              "declaredType" : "org.hl7.cql_annotations.r1.Narrative",
              "scope" : "javax.xml.bind.JAXBElement$GlobalScope",
              "value" : {
                "s" : [ "", "include " ]
              },
              "nil" : false,
              "globalScope" : true,
              "typeSubstituted" : false
            }, {
              "name" : "{urn:hl7-org:cql-annotations:r1}s",
              "declaredType" : "org.hl7.cql_annotations.r1.Narrative",
              "scope" : "javax.xml.bind.JAXBElement$GlobalScope",
              "value" : {
                "s" : [ {
                  "name" : "{urn:hl7-org:cql-annotations:r1}s",
                  "declaredType" : "org.hl7.cql_annotations.r1.Narrative",
                  "scope" : "javax.xml.bind.JAXBElement$GlobalScope",
                  "value" : {
                    "s" : [ "IMMZCommon" ]
                  },
                  "nil" : false,
                  "globalScope" : true,
                  "typeSubstituted" : false
                } ]
              },
              "nil" : false,
              "globalScope" : true,
              "typeSubstituted" : false
            }, {
              "name" : "{urn:hl7-org:cql-annotations:r1}s",
              "declaredType" : "org.hl7.cql_annotations.r1.Narrative",
              "scope" : "javax.xml.bind.JAXBElement$GlobalScope",
              "value" : {
                "s" : [ " called ", "IMMZCom" ]
              },
              "nil" : false,
              "globalScope" : true,
              "typeSubstituted" : false
            } ],
            "r" : "3"
          }
        } ],
        "localId" : "3",
        "locator" : "10:1-10:33",
        "localIdentifier" : "IMMZCom",
        "path" : "http://fhir.org/guides/who/smart-immunization/IMMZCommon"
      }, {
        "type" : "IncludeDef",
        "annotation" : [ {
          "s" : {
            "s" : [ {
              "name" : "{urn:hl7-org:cql-annotations:r1}s",
              "declaredType" : "org.hl7.cql_annotations.r1.Narrative",
              "scope" : "javax.xml.bind.JAXBElement$GlobalScope",
              "value" : {
                "s" : [ "", "include " ]
              },
              "nil" : false,
              "globalScope" : true,
              "typeSubstituted" : false
            }, {
              "name" : "{urn:hl7-org:cql-annotations:r1}s",
              "declaredType" : "org.hl7.cql_annotations.r1.Narrative",
              "scope" : "javax.xml.bind.JAXBElement$GlobalScope",
              "value" : {
                "s" : [ {
                  "name" : "{urn:hl7-org:cql-annotations:r1}s",
                  "declaredType" : "org.hl7.cql_annotations.r1.Narrative",
                  "scope" : "javax.xml.bind.JAXBElement$GlobalScope",
                  "value" : {
                    "s" : [ "IMMZConcepts" ]
                  },
                  "nil" : false,
                  "globalScope" : true,
                  "typeSubstituted" : false
                } ]
              },
              "nil" : false,
              "globalScope" : true,
              "typeSubstituted" : false
            }, {
              "name" : "{urn:hl7-org:cql-annotations:r1}s",
              "declaredType" : "org.hl7.cql_annotations.r1.Narrative",
              "scope" : "javax.xml.bind.JAXBElement$GlobalScope",
              "value" : {
                "s" : [ " called ", "IMMZc" ]
              },
              "nil" : false,
              "globalScope" : true,
              "typeSubstituted" : false
            } ],
            "r" : "4"
          }
        } ],
        "localId" : "4",
        "locator" : "11:1-11:33",
        "localIdentifier" : "IMMZc",
        "path" : "http://fhir.org/guides/who/smart-immunization/IMMZConcepts"
      }, {
        "type" : "IncludeDef",
        "annotation" : [ {
          "s" : {
            "s" : [ {
              "name" : "{urn:hl7-org:cql-annotations:r1}s",
              "declaredType" : "org.hl7.cql_annotations.r1.Narrative",
              "scope" : "javax.xml.bind.JAXBElement$GlobalScope",
              "value" : {
                "s" : [ "", "include " ]
              },
              "nil" : false,
              "globalScope" : true,
              "typeSubstituted" : false
            }, {
              "name" : "{urn:hl7-org:cql-annotations:r1}s",
              "declaredType" : "org.hl7.cql_annotations.r1.Narrative",
              "scope" : "javax.xml.bind.JAXBElement$GlobalScope",
              "value" : {
                "s" : [ {
                  "name" : "{urn:hl7-org:cql-annotations:r1}s",
                  "declaredType" : "org.hl7.cql_annotations.r1.Narrative",
                  "scope" : "javax.xml.bind.JAXBElement$GlobalScope",
                  "value" : {
                    "s" : [ "IMMZConfig" ]
                  },
                  "nil" : false,
                  "globalScope" : true,
                  "typeSubstituted" : false
                } ]
              },
              "nil" : false,
              "globalScope" : true,
              "typeSubstituted" : false
            }, {
              "name" : "{urn:hl7-org:cql-annotations:r1}s",
              "declaredType" : "org.hl7.cql_annotations.r1.Narrative",
              "scope" : "javax.xml.bind.JAXBElement$GlobalScope",
              "value" : {
                "s" : [ " called ", "IMMZCon" ]
              },
              "nil" : false,
              "globalScope" : true,
              "typeSubstituted" : false
            } ],
            "r" : "5"
          }
        } ],
        "localId" : "5",
        "locator" : "12:1-12:33",
        "localIdentifier" : "IMMZCon",
        "path" : "http://fhir.org/guides/who/smart-immunization/IMMZConfig"
      }, {
        "type" : "IncludeDef",
        "annotation" : [ {
          "s" : {
            "s" : [ {
              "name" : "{urn:hl7-org:cql-annotations:r1}s",
              "declaredType" : "org.hl7.cql_annotations.r1.Narrative",
              "scope" : "javax.xml.bind.JAXBElement$GlobalScope",
              "value" : {
                "s" : [ "", "include " ]
              },
              "nil" : false,
              "globalScope" : true,
              "typeSubstituted" : false
            }, {
              "name" : "{urn:hl7-org:cql-annotations:r1}s",
              "declaredType" : "org.hl7.cql_annotations.r1.Narrative",
              "scope" : "javax.xml.bind.JAXBElement$GlobalScope",
              "value" : {
                "s" : [ {
                  "name" : "{urn:hl7-org:cql-annotations:r1}s",
                  "declaredType" : "org.hl7.cql_annotations.r1.Narrative",
                  "scope" : "javax.xml.bind.JAXBElement$GlobalScope",
                  "value" : {
                    "s" : [ "IMMZVaccineLibrary" ]
                  },
                  "nil" : false,
                  "globalScope" : true,
                  "typeSubstituted" : false
                } ]
              },
              "nil" : false,
              "globalScope" : true,
              "typeSubstituted" : false
            }, {
              "name" : "{urn:hl7-org:cql-annotations:r1}s",
              "declaredType" : "org.hl7.cql_annotations.r1.Narrative",
              "scope" : "javax.xml.bind.JAXBElement$GlobalScope",
              "value" : {
                "s" : [ " called ", "IMMZvl" ]
              },
              "nil" : false,
              "globalScope" : true,
              "typeSubstituted" : false
            } ],
            "r" : "6"
          }
        } ],
        "localId" : "6",
        "locator" : "13:1-13:40",
        "localIdentifier" : "IMMZvl",
        "path" : "http://fhir.org/guides/who/smart-immunization/IMMZVaccineLibrary"
      } ]
    },
    "statements" : {
      "type" : "Library$Statements",
      "def" : [ {
        "type" : "ExpressionDef",
        "expression" : {
          "type" : "SingletonFrom",
          "operand" : {
            "type" : "Retrieve",
            "locator" : "15:1-15:15",
            "dataType" : "{http://hl7.org/fhir}Patient",
            "templateId" : "http://hl7.org/fhir/StructureDefinition/Patient"
          }
        },
        "locator" : "15:1-15:15",
        "name" : "Patient",
        "context" : "Patient"
      }, {
        "type" : "ExpressionDef",
        "expression" : {
          "type" : "ExpressionRef",
          "localId" : "8",
          "locator" : "21:2-21:46",
          "name" : "Mumps Doses Administered to Patient",
          "libraryName" : "IMMZCom"
        },
        "annotation" : [ {
          "s" : {
            "s" : [ {
              "name" : "{urn:hl7-org:cql-annotations:r1}s",
              "declaredType" : "org.hl7.cql_annotations.r1.Narrative",
              "scope" : "javax.xml.bind.JAXBElement$GlobalScope",
              "value" : {
                "s" : [ "/* \n * @dataElement MUMPS vaccine history\n */\n", "define ", "\"MUMPS vaccine history\"", ":\n\t" ]
              },
              "nil" : false,
              "globalScope" : true,
              "typeSubstituted" : false
            }, {
              "name" : "{urn:hl7-org:cql-annotations:r1}s",
              "declaredType" : "org.hl7.cql_annotations.r1.Narrative",
              "scope" : "javax.xml.bind.JAXBElement$GlobalScope",
              "value" : {
                "s" : [ {
                  "name" : "{urn:hl7-org:cql-annotations:r1}s",
                  "declaredType" : "org.hl7.cql_annotations.r1.Narrative",
                  "scope" : "javax.xml.bind.JAXBElement$GlobalScope",
                  "value" : {
                    "s" : [ {
                      "name" : "{urn:hl7-org:cql-annotations:r1}s",
                      "declaredType" : "org.hl7.cql_annotations.r1.Narrative",
                      "scope" : "javax.xml.bind.JAXBElement$GlobalScope",
                      "value" : {
                        "s" : [ "IMMZCom" ]
                      },
                      "nil" : false,
                      "globalScope" : true,
                      "typeSubstituted" : false
                    } ],
                    "r" : "7"
                  },
                  "nil" : false,
                  "globalScope" : true,
                  "typeSubstituted" : false
                }, {
                  "name" : "{urn:hl7-org:cql-annotations:r1}s",
                  "declaredType" : "org.hl7.cql_annotations.r1.Narrative",
                  "scope" : "javax.xml.bind.JAXBElement$GlobalScope",
                  "value" : {
                    "s" : [ "." ]
                  },
                  "nil" : false,
                  "globalScope" : true,
                  "typeSubstituted" : false
                }, {
                  "name" : "{urn:hl7-org:cql-annotations:r1}s",
                  "declaredType" : "org.hl7.cql_annotations.r1.Narrative",
                  "scope" : "javax.xml.bind.JAXBElement$GlobalScope",
                  "value" : {
                    "s" : [ {
                      "name" : "{urn:hl7-org:cql-annotations:r1}s",
                      "declaredType" : "org.hl7.cql_annotations.r1.Narrative",
                      "scope" : "javax.xml.bind.JAXBElement$GlobalScope",
                      "value" : {
                        "s" : [ "\"Mumps Doses Administered to Patient\"" ]
                      },
                      "nil" : false,
                      "globalScope" : true,
                      "typeSubstituted" : false
                    } ],
                    "r" : "8"
                  },
                  "nil" : false,
                  "globalScope" : true,
                  "typeSubstituted" : false
                } ],
                "r" : "8"
              },
              "nil" : false,
              "globalScope" : true,
              "typeSubstituted" : false
            } ],
            "r" : "9"
          }
        } ],
        "localId" : "9",
        "locator" : "20:1-21:46",
        "name" : "MUMPS vaccine history",
        "context" : "Patient",
        "accessLevel" : "Public"
      }, {
        "type" : "ExpressionDef",
        "expression" : {
          "type" : "Not",
          "operand" : {
            "type" : "Exists",
            "operand" : {
              "type" : "ExpressionRef",
              "localId" : "10",
              "locator" : "27:12-27:36",
              "name" : "MUMPS vaccine history"
            },
            "localId" : "11",
            "locator" : "27:6-27:36"
          },
          "localId" : "12",
          "locator" : "27:2-27:36"
        },
        "annotation" : [ {
          "s" : {
            "s" : [ {
              "name" : "{urn:hl7-org:cql-annotations:r1}s",
              "declaredType" : "org.hl7.cql_annotations.r1.Narrative",
              "scope" : "javax.xml.bind.JAXBElement$GlobalScope",
              "value" : {
                "s" : [ "/* \n * @dataElement No-doses\n */\n", "define ", "\"No-doses\"", ":\n\t" ]
              },
              "nil" : false,
              "globalScope" : true,
              "typeSubstituted" : false
            }, {
              "name" : "{urn:hl7-org:cql-annotations:r1}s",
              "declaredType" : "org.hl7.cql_annotations.r1.Narrative",
              "scope" : "javax.xml.bind.JAXBElement$GlobalScope",
              "value" : {
                "s" : [ {
                  "name" : "{urn:hl7-org:cql-annotations:r1}s",
                  "declaredType" : "org.hl7.cql_annotations.r1.Narrative",
                  "scope" : "javax.xml.bind.JAXBElement$GlobalScope",
                  "value" : {
                    "s" : [ "not " ]
                  },
                  "nil" : false,
                  "globalScope" : true,
                  "typeSubstituted" : false
                }, {
                  "name" : "{urn:hl7-org:cql-annotations:r1}s",
                  "declaredType" : "org.hl7.cql_annotations.r1.Narrative",
                  "scope" : "javax.xml.bind.JAXBElement$GlobalScope",
                  "value" : {
                    "s" : [ {
                      "name" : "{urn:hl7-org:cql-annotations:r1}s",
                      "declaredType" : "org.hl7.cql_annotations.r1.Narrative",
                      "scope" : "javax.xml.bind.JAXBElement$GlobalScope",
                      "value" : {
                        "s" : [ "exists" ]
                      },
                      "nil" : false,
                      "globalScope" : true,
                      "typeSubstituted" : false
                    }, {
                      "name" : "{urn:hl7-org:cql-annotations:r1}s",
                      "declaredType" : "org.hl7.cql_annotations.r1.Narrative",
                      "scope" : "javax.xml.bind.JAXBElement$GlobalScope",
                      "value" : {
                        "s" : [ {
                          "name" : "{urn:hl7-org:cql-annotations:r1}s",
                          "declaredType" : "org.hl7.cql_annotations.r1.Narrative",
                          "scope" : "javax.xml.bind.JAXBElement$GlobalScope",
                          "value" : {
                            "s" : [ "(" ]
                          },
                          "nil" : false,
                          "globalScope" : true,
                          "typeSubstituted" : false
                        }, {
                          "name" : "{urn:hl7-org:cql-annotations:r1}s",
                          "declaredType" : "org.hl7.cql_annotations.r1.Narrative",
                          "scope" : "javax.xml.bind.JAXBElement$GlobalScope",
                          "value" : {
                            "s" : [ {
                              "name" : "{urn:hl7-org:cql-annotations:r1}s",
                              "declaredType" : "org.hl7.cql_annotations.r1.Narrative",
                              "scope" : "javax.xml.bind.JAXBElement$GlobalScope",
                              "value" : {
                                "s" : [ "\"MUMPS vaccine history\"" ]
                              },
                              "nil" : false,
                              "globalScope" : true,
                              "typeSubstituted" : false
                            } ],
                            "r" : "10"
                          },
                          "nil" : false,
                          "globalScope" : true,
                          "typeSubstituted" : false
                        }, {
                          "name" : "{urn:hl7-org:cql-annotations:r1}s",
                          "declaredType" : "org.hl7.cql_annotations.r1.Narrative",
                          "scope" : "javax.xml.bind.JAXBElement$GlobalScope",
                          "value" : {
                            "s" : [ ")" ]
                          },
                          "nil" : false,
                          "globalScope" : true,
                          "typeSubstituted" : false
                        } ],
                        "r" : "10"
                      },
                      "nil" : false,
                      "globalScope" : true,
                      "typeSubstituted" : false
                    } ],
                    "r" : "11"
                  },
                  "nil" : false,
                  "globalScope" : true,
                  "typeSubstituted" : false
                } ],
                "r" : "12"
              },
              "nil" : false,
              "globalScope" : true,
              "typeSubstituted" : false
            } ],
            "r" : "13"
          }
        } ],
        "localId" : "13",
        "locator" : "26:1-27:36",
        "name" : "No-doses",
        "context" : "Patient",
        "accessLevel" : "Public"
      }, {
        "type" : "ExpressionDef",
        "expression" : {
          "type" : "ExpressionRef",
          "localId" : "15",
          "locator" : "33:2-33:40",
          "name" : "Current Patient Age In Months",
          "libraryName" : "IMMZCom"
        },
        "annotation" : [ {
          "s" : {
            "s" : [ {
              "name" : "{urn:hl7-org:cql-annotations:r1}s",
              "declaredType" : "org.hl7.cql_annotations.r1.Narrative",
              "scope" : "javax.xml.bind.JAXBElement$GlobalScope",
              "value" : {
                "s" : [ "/* \n * @dataElement Age\n */\n", "define ", "\"Age\"", ":\n\t" ]
              },
              "nil" : false,
              "globalScope" : true,
              "typeSubstituted" : false
            }, {
              "name" : "{urn:hl7-org:cql-annotations:r1}s",
              "declaredType" : "org.hl7.cql_annotations.r1.Narrative",
              "scope" : "javax.xml.bind.JAXBElement$GlobalScope",
              "value" : {
                "s" : [ {
                  "name" : "{urn:hl7-org:cql-annotations:r1}s",
                  "declaredType" : "org.hl7.cql_annotations.r1.Narrative",
                  "scope" : "javax.xml.bind.JAXBElement$GlobalScope",
                  "value" : {
                    "s" : [ {
                      "name" : "{urn:hl7-org:cql-annotations:r1}s",
                      "declaredType" : "org.hl7.cql_annotations.r1.Narrative",
                      "scope" : "javax.xml.bind.JAXBElement$GlobalScope",
                      "value" : {
                        "s" : [ "IMMZCom" ]
                      },
                      "nil" : false,
                      "globalScope" : true,
                      "typeSubstituted" : false
                    } ],
                    "r" : "14"
                  },
                  "nil" : false,
                  "globalScope" : true,
                  "typeSubstituted" : false
                }, {
                  "name" : "{urn:hl7-org:cql-annotations:r1}s",
                  "declaredType" : "org.hl7.cql_annotations.r1.Narrative",
                  "scope" : "javax.xml.bind.JAXBElement$GlobalScope",
                  "value" : {
                    "s" : [ "." ]
                  },
                  "nil" : false,
                  "globalScope" : true,
                  "typeSubstituted" : false
                }, {
                  "name" : "{urn:hl7-org:cql-annotations:r1}s",
                  "declaredType" : "org.hl7.cql_annotations.r1.Narrative",
                  "scope" : "javax.xml.bind.JAXBElement$GlobalScope",
                  "value" : {
                    "s" : [ {
                      "name" : "{urn:hl7-org:cql-annotations:r1}s",
                      "declaredType" : "org.hl7.cql_annotations.r1.Narrative",
                      "scope" : "javax.xml.bind.JAXBElement$GlobalScope",
                      "value" : {
                        "s" : [ "\"Current Patient Age In Months\"" ]
                      },
                      "nil" : false,
                      "globalScope" : true,
                      "typeSubstituted" : false
                    } ],
                    "r" : "15"
                  },
                  "nil" : false,
                  "globalScope" : true,
                  "typeSubstituted" : false
                } ],
                "r" : "15"
              },
              "nil" : false,
              "globalScope" : true,
              "typeSubstituted" : false
            } ],
            "r" : "16"
          }
        } ],
        "localId" : "16",
        "locator" : "32:1-33:40",
        "name" : "Age",
        "context" : "Patient",
        "accessLevel" : "Public"
      }, {
        "type" : "ExpressionDef",
        "expression" : {
          "type" : "And",
          "operand" : [ {
            "type" : "And",
            "operand" : [ {
              "type" : "ExpressionRef",
              "localId" : "17",
              "locator" : "47:2-47:11",
              "name" : "No-doses"
            }, {
              "type" : "GreaterOrEqual",
              "operand" : [ {
                "type" : "ExpressionRef",
                "localId" : "18",
                "locator" : "47:17-47:21",
                "name" : "Age"
              }, {
                "type" : "Literal",
                "localId" : "19",
                "locator" : "47:26-47:27",
                "valueType" : "{urn:hl7-org:elm-types:r1}Integer",
                "value" : "12"
              } ],
              "localId" : "20",
              "locator" : "47:17-47:27"
            } ],
            "localId" : "21",
            "locator" : "47:2-47:27"
          }, {
            "type" : "ExpressionRef",
            "localId" : "23",
            "locator" : "47:33-47:104",
            "name" : "Country recognizes MUMPS reduction as a public health priority",
            "libraryName" : "IMMZCon"
          } ],
          "localId" : "24",
          "locator" : "47:2-47:104"
        },
        "annotation" : [ {
          "s" : {
            "s" : [ {
              "name" : "{urn:hl7-org:cql-annotations:r1}s",
              "declaredType" : "org.hl7.cql_annotations.r1.Narrative",
              "scope" : "javax.xml.bind.JAXBElement$GlobalScope",
              "value" : {
                "s" : [ "/*\n * Rule: Should vaccinate Patient for MUMPS because no doses on 2 dose scheme\n * Annotations:\n * \t - Provide MUMPS immunizations - using the \"MUMPS vaccine immunization - NO PREVIOUS\" schedule (2 dose scheme)\n * Outputs:\n * \t - Immunize Patient for MUMPS - No Doses\n * References:\n * \t- WHO recommendations for routine immunization - summary tables: https://www.who.int/teams/immunization-vaccines-and-biologicals/policies/who-recommendations-for-routine-immunization---summary-tables\n * Logic:\n *\t (((\"MUMPS vaccine history\" = \"No-doses\") and (\"Age\" < \"19 months\")) and (\"Age\" > \"11 months\"))\n */\n", "define ", "\"Should vaccinate Patient for MUMPS because no doses on 2 dose scheme\"", ":\n\t" ]
              },
              "nil" : false,
              "globalScope" : true,
              "typeSubstituted" : false
            }, {
              "name" : "{urn:hl7-org:cql-annotations:r1}s",
              "declaredType" : "org.hl7.cql_annotations.r1.Narrative",
              "scope" : "javax.xml.bind.JAXBElement$GlobalScope",
              "value" : {
                "s" : [ {
                  "name" : "{urn:hl7-org:cql-annotations:r1}s",
                  "declaredType" : "org.hl7.cql_annotations.r1.Narrative",
                  "scope" : "javax.xml.bind.JAXBElement$GlobalScope",
                  "value" : {
                    "s" : [ {
                      "name" : "{urn:hl7-org:cql-annotations:r1}s",
                      "declaredType" : "org.hl7.cql_annotations.r1.Narrative",
                      "scope" : "javax.xml.bind.JAXBElement$GlobalScope",
                      "value" : {
                        "s" : [ {
                          "name" : "{urn:hl7-org:cql-annotations:r1}s",
                          "declaredType" : "org.hl7.cql_annotations.r1.Narrative",
                          "scope" : "javax.xml.bind.JAXBElement$GlobalScope",
                          "value" : {
                            "s" : [ "\"No-doses\"" ]
                          },
                          "nil" : false,
                          "globalScope" : true,
                          "typeSubstituted" : false
                        } ],
                        "r" : "17"
                      },
                      "nil" : false,
                      "globalScope" : true,
                      "typeSubstituted" : false
                    }, {
                      "name" : "{urn:hl7-org:cql-annotations:r1}s",
                      "declaredType" : "org.hl7.cql_annotations.r1.Narrative",
                      "scope" : "javax.xml.bind.JAXBElement$GlobalScope",
                      "value" : {
                        "s" : [ " and " ]
                      },
                      "nil" : false,
                      "globalScope" : true,
                      "typeSubstituted" : false
                    }, {
                      "name" : "{urn:hl7-org:cql-annotations:r1}s",
                      "declaredType" : "org.hl7.cql_annotations.r1.Narrative",
                      "scope" : "javax.xml.bind.JAXBElement$GlobalScope",
                      "value" : {
                        "s" : [ {
                          "name" : "{urn:hl7-org:cql-annotations:r1}s",
                          "declaredType" : "org.hl7.cql_annotations.r1.Narrative",
                          "scope" : "javax.xml.bind.JAXBElement$GlobalScope",
                          "value" : {
                            "s" : [ {
                              "name" : "{urn:hl7-org:cql-annotations:r1}s",
                              "declaredType" : "org.hl7.cql_annotations.r1.Narrative",
                              "scope" : "javax.xml.bind.JAXBElement$GlobalScope",
                              "value" : {
                                "s" : [ "\"Age\"" ]
                              },
                              "nil" : false,
                              "globalScope" : true,
                              "typeSubstituted" : false
                            } ],
                            "r" : "18"
                          },
                          "nil" : false,
                          "globalScope" : true,
                          "typeSubstituted" : false
                        }, {
                          "name" : "{urn:hl7-org:cql-annotations:r1}s",
                          "declaredType" : "org.hl7.cql_annotations.r1.Narrative",
                          "scope" : "javax.xml.bind.JAXBElement$GlobalScope",
                          "value" : {
                            "s" : [ " ", ">=", " ", "12" ],
                            "r" : "19"
                          },
                          "nil" : false,
                          "globalScope" : true,
                          "typeSubstituted" : false
                        } ],
                        "r" : "20"
                      },
                      "nil" : false,
                      "globalScope" : true,
                      "typeSubstituted" : false
                    } ],
                    "r" : "21"
                  },
                  "nil" : false,
                  "globalScope" : true,
                  "typeSubstituted" : false
                }, {
                  "name" : "{urn:hl7-org:cql-annotations:r1}s",
                  "declaredType" : "org.hl7.cql_annotations.r1.Narrative",
                  "scope" : "javax.xml.bind.JAXBElement$GlobalScope",
                  "value" : {
                    "s" : [ " and " ]
                  },
                  "nil" : false,
                  "globalScope" : true,
                  "typeSubstituted" : false
                }, {
                  "name" : "{urn:hl7-org:cql-annotations:r1}s",
                  "declaredType" : "org.hl7.cql_annotations.r1.Narrative",
                  "scope" : "javax.xml.bind.JAXBElement$GlobalScope",
                  "value" : {
                    "s" : [ {
                      "name" : "{urn:hl7-org:cql-annotations:r1}s",
                      "declaredType" : "org.hl7.cql_annotations.r1.Narrative",
                      "scope" : "javax.xml.bind.JAXBElement$GlobalScope",
                      "value" : {
                        "s" : [ {
                          "name" : "{urn:hl7-org:cql-annotations:r1}s",
                          "declaredType" : "org.hl7.cql_annotations.r1.Narrative",
                          "scope" : "javax.xml.bind.JAXBElement$GlobalScope",
                          "value" : {
                            "s" : [ "IMMZCon" ]
                          },
                          "nil" : false,
                          "globalScope" : true,
                          "typeSubstituted" : false
                        } ],
                        "r" : "22"
                      },
                      "nil" : false,
                      "globalScope" : true,
                      "typeSubstituted" : false
                    }, {
                      "name" : "{urn:hl7-org:cql-annotations:r1}s",
                      "declaredType" : "org.hl7.cql_annotations.r1.Narrative",
                      "scope" : "javax.xml.bind.JAXBElement$GlobalScope",
                      "value" : {
                        "s" : [ "." ]
                      },
                      "nil" : false,
                      "globalScope" : true,
                      "typeSubstituted" : false
                    }, {
                      "name" : "{urn:hl7-org:cql-annotations:r1}s",
                      "declaredType" : "org.hl7.cql_annotations.r1.Narrative",
                      "scope" : "javax.xml.bind.JAXBElement$GlobalScope",
                      "value" : {
                        "s" : [ {
                          "name" : "{urn:hl7-org:cql-annotations:r1}s",
                          "declaredType" : "org.hl7.cql_annotations.r1.Narrative",
                          "scope" : "javax.xml.bind.JAXBElement$GlobalScope",
                          "value" : {
                            "s" : [ "\"Country recognizes MUMPS reduction as a public health priority\"" ]
                          },
                          "nil" : false,
                          "globalScope" : true,
                          "typeSubstituted" : false
                        } ],
                        "r" : "23"
                      },
                      "nil" : false,
                      "globalScope" : true,
                      "typeSubstituted" : false
                    } ],
                    "r" : "23"
                  },
                  "nil" : false,
                  "globalScope" : true,
                  "typeSubstituted" : false
                } ],
                "r" : "24"
              },
              "nil" : false,
              "globalScope" : true,
              "typeSubstituted" : false
            } ],
            "r" : "25"
          }
        } ],
        "localId" : "25",
        "locator" : "46:1-47:104",
        "name" : "Should vaccinate Patient for MUMPS because no doses on 2 dose scheme",
        "context" : "Patient",
        "accessLevel" : "Public"
      }, {
        "type" : "ExpressionDef",
        "expression" : {
          "type" : "And",
          "operand" : [ {
            "type" : "Equal",
            "operand" : [ {
              "type" : "ExpressionRef",
              "localId" : "27",
              "locator" : "61:2-61:56",
              "name" : "Number of Mumps Doses Administered to Patient",
              "libraryName" : "IMMZCom"
            }, {
              "type" : "Literal",
              "localId" : "28",
              "locator" : "61:60",
              "valueType" : "{urn:hl7-org:elm-types:r1}Integer",
              "value" : "1"
            } ],
            "localId" : "29",
            "locator" : "61:2-61:60"
          }, {
            "type" : "Before",
            "operand" : [ {
              "type" : "ExpressionRef",
              "localId" : "31",
              "locator" : "62:6-62:59",
              "name" : "Date last Mumps dose Administered to Patient",
              "libraryName" : "IMMZCom"
            }, {
              "type" : "Subtract",
              "operand" : [ {
                "type" : "Today",
                "localId" : "32",
                "locator" : "62:87-62:93"
              }, {
                "type" : "Quantity",
                "localId" : "33",
                "locator" : "62:71-62:78",
                "value" : 12,
                "unit" : "month"
              } ],
              "locator" : "62:87-62:93"
            } ],
            "localId" : "34",
            "locator" : "62:6-62:93"
          } ],
          "localId" : "35",
          "locator" : "61:2-62:93"
        },
        "annotation" : [ {
          "s" : {
            "s" : [ {
              "name" : "{urn:hl7-org:cql-annotations:r1}s",
              "declaredType" : "org.hl7.cql_annotations.r1.Narrative",
              "scope" : "javax.xml.bind.JAXBElement$GlobalScope",
              "value" : {
                "s" : [ "/*\n * Rule: Should vaccinate Patient for MUMPS a second dose on a 2 dose scheme\n * Annotations:\n * \t - Provide MUMPS immunizations - using the \"MUMPS vaccine immunization - ONE PREVIOUS\" schedule (2 dose scheme)\n * Outputs:\n * \t - Immunize Patient for MUMPS - One Dose\n * References:\n * \t- WHO recommendations for routine immunization - summary tables: https://www.who.int/teams/immunization-vaccines-and-biologicals/policies/who-recommendations-for-routine-immunization---summary-tables\n * Logic:\n *\t ((\"Age\" < \"19 months\") and (\"Age\" > \"11 months\"))\n */\n", "define ", "\"Should vaccinate Patient for MUMPS a second dose on a 2 dose scheme\"", ":\n\t" ]
              },
              "nil" : false,
              "globalScope" : true,
              "typeSubstituted" : false
            }, {
              "name" : "{urn:hl7-org:cql-annotations:r1}s",
              "declaredType" : "org.hl7.cql_annotations.r1.Narrative",
              "scope" : "javax.xml.bind.JAXBElement$GlobalScope",
              "value" : {
                "s" : [ {
                  "name" : "{urn:hl7-org:cql-annotations:r1}s",
                  "declaredType" : "org.hl7.cql_annotations.r1.Narrative",
                  "scope" : "javax.xml.bind.JAXBElement$GlobalScope",
                  "value" : {
                    "s" : [ {
                      "name" : "{urn:hl7-org:cql-annotations:r1}s",
                      "declaredType" : "org.hl7.cql_annotations.r1.Narrative",
                      "scope" : "javax.xml.bind.JAXBElement$GlobalScope",
                      "value" : {
                        "s" : [ {
                          "name" : "{urn:hl7-org:cql-annotations:r1}s",
                          "declaredType" : "org.hl7.cql_annotations.r1.Narrative",
                          "scope" : "javax.xml.bind.JAXBElement$GlobalScope",
                          "value" : {
                            "s" : [ {
                              "name" : "{urn:hl7-org:cql-annotations:r1}s",
                              "declaredType" : "org.hl7.cql_annotations.r1.Narrative",
                              "scope" : "javax.xml.bind.JAXBElement$GlobalScope",
                              "value" : {
                                "s" : [ "IMMZCom" ]
                              },
                              "nil" : false,
                              "globalScope" : true,
                              "typeSubstituted" : false
                            } ],
                            "r" : "26"
                          },
                          "nil" : false,
                          "globalScope" : true,
                          "typeSubstituted" : false
                        }, {
                          "name" : "{urn:hl7-org:cql-annotations:r1}s",
                          "declaredType" : "org.hl7.cql_annotations.r1.Narrative",
                          "scope" : "javax.xml.bind.JAXBElement$GlobalScope",
                          "value" : {
                            "s" : [ "." ]
                          },
                          "nil" : false,
                          "globalScope" : true,
                          "typeSubstituted" : false
                        }, {
                          "name" : "{urn:hl7-org:cql-annotations:r1}s",
                          "declaredType" : "org.hl7.cql_annotations.r1.Narrative",
                          "scope" : "javax.xml.bind.JAXBElement$GlobalScope",
                          "value" : {
                            "s" : [ {
                              "name" : "{urn:hl7-org:cql-annotations:r1}s",
                              "declaredType" : "org.hl7.cql_annotations.r1.Narrative",
                              "scope" : "javax.xml.bind.JAXBElement$GlobalScope",
                              "value" : {
                                "s" : [ "\"Number of Mumps Doses Administered to Patient\"" ]
                              },
                              "nil" : false,
                              "globalScope" : true,
                              "typeSubstituted" : false
                            } ],
                            "r" : "27"
                          },
                          "nil" : false,
                          "globalScope" : true,
                          "typeSubstituted" : false
                        } ],
                        "r" : "27"
                      },
                      "nil" : false,
                      "globalScope" : true,
                      "typeSubstituted" : false
                    }, {
                      "name" : "{urn:hl7-org:cql-annotations:r1}s",
                      "declaredType" : "org.hl7.cql_annotations.r1.Narrative",
                      "scope" : "javax.xml.bind.JAXBElement$GlobalScope",
                      "value" : {
                        "s" : [ " ", "=", " ", "1" ],
                        "r" : "28"
                      },
                      "nil" : false,
                      "globalScope" : true,
                      "typeSubstituted" : false
                    } ],
                    "r" : "29"
                  },
                  "nil" : false,
                  "globalScope" : true,
                  "typeSubstituted" : false
                }, {
                  "name" : "{urn:hl7-org:cql-annotations:r1}s",
                  "declaredType" : "org.hl7.cql_annotations.r1.Narrative",
                  "scope" : "javax.xml.bind.JAXBElement$GlobalScope",
                  "value" : {
                    "s" : [ "\n\tand " ]
                  },
                  "nil" : false,
                  "globalScope" : true,
                  "typeSubstituted" : false
                }, {
                  "name" : "{urn:hl7-org:cql-annotations:r1}s",
                  "declaredType" : "org.hl7.cql_annotations.r1.Narrative",
                  "scope" : "javax.xml.bind.JAXBElement$GlobalScope",
                  "value" : {
                    "s" : [ {
                      "name" : "{urn:hl7-org:cql-annotations:r1}s",
                      "declaredType" : "org.hl7.cql_annotations.r1.Narrative",
                      "scope" : "javax.xml.bind.JAXBElement$GlobalScope",
                      "value" : {
                        "s" : [ {
                          "name" : "{urn:hl7-org:cql-annotations:r1}s",
                          "declaredType" : "org.hl7.cql_annotations.r1.Narrative",
                          "scope" : "javax.xml.bind.JAXBElement$GlobalScope",
                          "value" : {
                            "s" : [ {
                              "name" : "{urn:hl7-org:cql-annotations:r1}s",
                              "declaredType" : "org.hl7.cql_annotations.r1.Narrative",
                              "scope" : "javax.xml.bind.JAXBElement$GlobalScope",
                              "value" : {
                                "s" : [ "IMMZCom" ]
                              },
                              "nil" : false,
                              "globalScope" : true,
                              "typeSubstituted" : false
                            } ],
                            "r" : "30"
                          },
                          "nil" : false,
                          "globalScope" : true,
                          "typeSubstituted" : false
                        }, {
                          "name" : "{urn:hl7-org:cql-annotations:r1}s",
                          "declaredType" : "org.hl7.cql_annotations.r1.Narrative",
                          "scope" : "javax.xml.bind.JAXBElement$GlobalScope",
                          "value" : {
                            "s" : [ "." ]
                          },
                          "nil" : false,
                          "globalScope" : true,
                          "typeSubstituted" : false
                        }, {
                          "name" : "{urn:hl7-org:cql-annotations:r1}s",
                          "declaredType" : "org.hl7.cql_annotations.r1.Narrative",
                          "scope" : "javax.xml.bind.JAXBElement$GlobalScope",
                          "value" : {
                            "s" : [ {
                              "name" : "{urn:hl7-org:cql-annotations:r1}s",
                              "declaredType" : "org.hl7.cql_annotations.r1.Narrative",
                              "scope" : "javax.xml.bind.JAXBElement$GlobalScope",
                              "value" : {
                                "s" : [ "\"Date last Mumps dose Administered to Patient\"" ]
                              },
                              "nil" : false,
                              "globalScope" : true,
                              "typeSubstituted" : false
                            } ],
                            "r" : "31"
                          },
                          "nil" : false,
                          "globalScope" : true,
                          "typeSubstituted" : false
                        } ],
                        "r" : "31"
                      },
                      "nil" : false,
                      "globalScope" : true,
                      "typeSubstituted" : false
                    }, {
                      "name" : "{urn:hl7-org:cql-annotations:r1}s",
                      "declaredType" : "org.hl7.cql_annotations.r1.Narrative",
                      "scope" : "javax.xml.bind.JAXBElement$GlobalScope",
                      "value" : {
                        "s" : [ " " ]
                      },
                      "nil" : false,
                      "globalScope" : true,
                      "typeSubstituted" : false
                    }, {
                      "name" : "{urn:hl7-org:cql-annotations:r1}s",
                      "declaredType" : "org.hl7.cql_annotations.r1.Narrative",
                      "scope" : "javax.xml.bind.JAXBElement$GlobalScope",
                      "value" : {
                        "s" : [ {
                          "name" : "{urn:hl7-org:cql-annotations:r1}s",
                          "declaredType" : "org.hl7.cql_annotations.r1.Narrative",
                          "scope" : "javax.xml.bind.JAXBElement$GlobalScope",
                          "value" : {
                            "s" : [ "more than " ]
                          },
                          "nil" : false,
                          "globalScope" : true,
                          "typeSubstituted" : false
                        }, {
                          "name" : "{urn:hl7-org:cql-annotations:r1}s",
                          "declaredType" : "org.hl7.cql_annotations.r1.Narrative",
                          "scope" : "javax.xml.bind.JAXBElement$GlobalScope",
                          "value" : {
                            "s" : [ {
                              "name" : "{urn:hl7-org:cql-annotations:r1}s",
                              "declaredType" : "org.hl7.cql_annotations.r1.Narrative",
                              "scope" : "javax.xml.bind.JAXBElement$GlobalScope",
                              "value" : {
                                "s" : [ "12 ", "month" ]
                              },
                              "nil" : false,
                              "globalScope" : true,
                              "typeSubstituted" : false
                            } ],
                            "r" : "33"
                          },
                          "nil" : false,
                          "globalScope" : true,
                          "typeSubstituted" : false
                        }, {
                          "name" : "{urn:hl7-org:cql-annotations:r1}s",
                          "declaredType" : "org.hl7.cql_annotations.r1.Narrative",
                          "scope" : "javax.xml.bind.JAXBElement$GlobalScope",
                          "value" : {
                            "s" : [ " before" ]
                          },
                          "nil" : false,
                          "globalScope" : true,
                          "typeSubstituted" : false
                        } ],
                        "r" : "34"
                      },
                      "nil" : false,
                      "globalScope" : true,
                      "typeSubstituted" : false
                    }, {
                      "name" : "{urn:hl7-org:cql-annotations:r1}s",
                      "declaredType" : "org.hl7.cql_annotations.r1.Narrative",
                      "scope" : "javax.xml.bind.JAXBElement$GlobalScope",
                      "value" : {
                        "s" : [ " " ]
                      },
                      "nil" : false,
                      "globalScope" : true,
                      "typeSubstituted" : false
                    }, {
                      "name" : "{urn:hl7-org:cql-annotations:r1}s",
                      "declaredType" : "org.hl7.cql_annotations.r1.Narrative",
                      "scope" : "javax.xml.bind.JAXBElement$GlobalScope",
                      "value" : {
                        "s" : [ {
                          "name" : "{urn:hl7-org:cql-annotations:r1}s",
                          "declaredType" : "org.hl7.cql_annotations.r1.Narrative",
                          "scope" : "javax.xml.bind.JAXBElement$GlobalScope",
                          "value" : {
                            "s" : [ "Today", "()" ]
                          },
                          "nil" : false,
                          "globalScope" : true,
                          "typeSubstituted" : false
                        } ],
                        "r" : "32"
                      },
                      "nil" : false,
                      "globalScope" : true,
                      "typeSubstituted" : false
                    } ],
                    "r" : "34"
                  },
                  "nil" : false,
                  "globalScope" : true,
                  "typeSubstituted" : false
                } ],
                "r" : "35"
              },
              "nil" : false,
              "globalScope" : true,
              "typeSubstituted" : false
            } ],
            "r" : "36"
          }
        } ],
        "localId" : "36",
        "locator" : "60:1-62:93",
        "name" : "Should vaccinate Patient for MUMPS a second dose on a 2 dose scheme",
        "context" : "Patient",
        "accessLevel" : "Public"
      } ]
    },
    "annotation" : [ {
      "translatorVersion" : "1.4",
      "translatorOptions" : "EnableAnnotations,EnableLocators,DisableListDemotion,DisableListPromotion"
    }, {
      "s" : {
        "s" : [ {
          "name" : "{urn:hl7-org:cql-annotations:r1}s",
          "declaredType" : "org.hl7.cql_annotations.r1.Narrative",
          "scope" : "javax.xml.bind.JAXBElement$GlobalScope",
          "value" : {
            "s" : [ "/*\n * Library: IMMZDT20 (IMMZ.DT.20.Mumps)\n * Rule: If child or person has not been vaccinated against Mumps, give Mumps vaccine \n * Trigger: Patient has never had the Mumps vaccination, or missing doses in the vaccination schedule\n */\n", "library IMMZDT20" ]
          },
          "nil" : false,
          "globalScope" : true,
          "typeSubstituted" : false
        } ],
        "r" : "36"
      }
    } ]
  }
}