{
  "library" : {
    "type" : "Library",
    "identifier" : {
      "type" : "VersionedIdentifier",
      "id" : "IMMZIND19",
      "system" : "http://fhir.org/guides/who/smart-immunization"
    },
    "schemaIdentifier" : {
      "type" : "VersionedIdentifier",
      "id" : "urn:hl7-org:elm",
      "version" : "r1"
    },
    "usings" : {
      "type" : "Library$Usings",
      "def" : [ {
        "type" : "UsingDef",
        "localIdentifier" : "System",
        "uri" : "urn:hl7-org:elm-types:r1"
      }, {
        "type" : "UsingDef",
        "annotation" : [ {
          "s" : {
            "s" : [ {
              "name" : "{urn:hl7-org:cql-annotations:r1}s",
              "declaredType" : "org.hl7.cql_annotations.r1.Narrative",
              "scope" : "javax.xml.bind.JAXBElement$GlobalScope",
              "value" : {
                "s" : [ "// Start Skeleton CQL\n", "using " ]
              },
              "nil" : false,
              "globalScope" : true,
              "typeSubstituted" : false
            }, {
              "name" : "{urn:hl7-org:cql-annotations:r1}s",
              "declaredType" : "org.hl7.cql_annotations.r1.Narrative",
              "scope" : "javax.xml.bind.JAXBElement$GlobalScope",
              "value" : {
                "s" : [ {
                  "name" : "{urn:hl7-org:cql-annotations:r1}s",
                  "declaredType" : "org.hl7.cql_annotations.r1.Narrative",
                  "scope" : "javax.xml.bind.JAXBElement$GlobalScope",
                  "value" : {
                    "s" : [ "FHIR" ]
                  },
                  "nil" : false,
                  "globalScope" : true,
                  "typeSubstituted" : false
                } ]
              },
              "nil" : false,
              "globalScope" : true,
              "typeSubstituted" : false
            }, {
              "name" : "{urn:hl7-org:cql-annotations:r1}s",
              "declaredType" : "org.hl7.cql_annotations.r1.Narrative",
              "scope" : "javax.xml.bind.JAXBElement$GlobalScope",
              "value" : {
                "s" : [ " version ", "'4.0.1'" ]
              },
              "nil" : false,
              "globalScope" : true,
              "typeSubstituted" : false
            } ],
            "r" : "1"
          }
        } ],
        "localId" : "1",
        "locator" : "21:1-21:26",
        "localIdentifier" : "FHIR",
        "uri" : "http://hl7.org/fhir",
        "version" : "4.0.1"
      } ]
    },
    "includes" : {
      "type" : "Library$Includes",
      "def" : [ {
        "type" : "IncludeDef",
        "annotation" : [ {
          "s" : {
            "s" : [ {
              "name" : "{urn:hl7-org:cql-annotations:r1}s",
              "declaredType" : "org.hl7.cql_annotations.r1.Narrative",
              "scope" : "javax.xml.bind.JAXBElement$GlobalScope",
              "value" : {
                "s" : [ "", "include " ]
              },
              "nil" : false,
              "globalScope" : true,
              "typeSubstituted" : false
            }, {
              "name" : "{urn:hl7-org:cql-annotations:r1}s",
              "declaredType" : "org.hl7.cql_annotations.r1.Narrative",
              "scope" : "javax.xml.bind.JAXBElement$GlobalScope",
              "value" : {
                "s" : [ {
                  "name" : "{urn:hl7-org:cql-annotations:r1}s",
                  "declaredType" : "org.hl7.cql_annotations.r1.Narrative",
                  "scope" : "javax.xml.bind.JAXBElement$GlobalScope",
                  "value" : {
                    "s" : [ "FHIRHelpers" ]
                  },
                  "nil" : false,
                  "globalScope" : true,
                  "typeSubstituted" : false
                } ]
              },
              "nil" : false,
              "globalScope" : true,
              "typeSubstituted" : false
            }, {
              "name" : "{urn:hl7-org:cql-annotations:r1}s",
              "declaredType" : "org.hl7.cql_annotations.r1.Narrative",
              "scope" : "javax.xml.bind.JAXBElement$GlobalScope",
              "value" : {
                "s" : [ " version ", "'4.0.1'" ]
              },
              "nil" : false,
              "globalScope" : true,
              "typeSubstituted" : false
            } ],
            "r" : "2"
          }
        } ],
        "localId" : "2",
        "locator" : "22:1-22:35",
        "localIdentifier" : "FHIRHelpers",
        "path" : "http://fhir.org/guides/who/smart-immunization/FHIRHelpers",
        "version" : "4.0.1"
      }, {
        "type" : "IncludeDef",
        "annotation" : [ {
          "s" : {
            "s" : [ {
              "name" : "{urn:hl7-org:cql-annotations:r1}s",
              "declaredType" : "org.hl7.cql_annotations.r1.Narrative",
              "scope" : "javax.xml.bind.JAXBElement$GlobalScope",
              "value" : {
                "s" : [ "", "include " ]
              },
              "nil" : false,
              "globalScope" : true,
              "typeSubstituted" : false
            }, {
              "name" : "{urn:hl7-org:cql-annotations:r1}s",
              "declaredType" : "org.hl7.cql_annotations.r1.Narrative",
              "scope" : "javax.xml.bind.JAXBElement$GlobalScope",
              "value" : {
                "s" : [ {
                  "name" : "{urn:hl7-org:cql-annotations:r1}s",
                  "declaredType" : "org.hl7.cql_annotations.r1.Narrative",
                  "scope" : "javax.xml.bind.JAXBElement$GlobalScope",
                  "value" : {
                    "s" : [ "IMMZCommon" ]
                  },
                  "nil" : false,
                  "globalScope" : true,
                  "typeSubstituted" : false
                } ]
              },
              "nil" : false,
              "globalScope" : true,
              "typeSubstituted" : false
            }, {
              "name" : "{urn:hl7-org:cql-annotations:r1}s",
              "declaredType" : "org.hl7.cql_annotations.r1.Narrative",
              "scope" : "javax.xml.bind.JAXBElement$GlobalScope",
              "value" : {
                "s" : [ " called ", "IMMZCom" ]
              },
              "nil" : false,
              "globalScope" : true,
              "typeSubstituted" : false
            } ],
            "r" : "3"
          }
        } ],
        "localId" : "3",
        "locator" : "23:1-23:33",
        "localIdentifier" : "IMMZCom",
        "path" : "http://fhir.org/guides/who/smart-immunization/IMMZCommon"
      }, {
        "type" : "IncludeDef",
        "annotation" : [ {
          "s" : {
            "s" : [ {
              "name" : "{urn:hl7-org:cql-annotations:r1}s",
              "declaredType" : "org.hl7.cql_annotations.r1.Narrative",
              "scope" : "javax.xml.bind.JAXBElement$GlobalScope",
              "value" : {
                "s" : [ "", "include " ]
              },
              "nil" : false,
              "globalScope" : true,
              "typeSubstituted" : false
            }, {
              "name" : "{urn:hl7-org:cql-annotations:r1}s",
              "declaredType" : "org.hl7.cql_annotations.r1.Narrative",
              "scope" : "javax.xml.bind.JAXBElement$GlobalScope",
              "value" : {
                "s" : [ {
                  "name" : "{urn:hl7-org:cql-annotations:r1}s",
                  "declaredType" : "org.hl7.cql_annotations.r1.Narrative",
                  "scope" : "javax.xml.bind.JAXBElement$GlobalScope",
                  "value" : {
                    "s" : [ "IMMZConcepts" ]
                  },
                  "nil" : false,
                  "globalScope" : true,
                  "typeSubstituted" : false
                } ]
              },
              "nil" : false,
              "globalScope" : true,
              "typeSubstituted" : false
            }, {
              "name" : "{urn:hl7-org:cql-annotations:r1}s",
              "declaredType" : "org.hl7.cql_annotations.r1.Narrative",
              "scope" : "javax.xml.bind.JAXBElement$GlobalScope",
              "value" : {
                "s" : [ " called ", "IMMZc" ]
              },
              "nil" : false,
              "globalScope" : true,
              "typeSubstituted" : false
            } ],
            "r" : "4"
          }
        } ],
        "localId" : "4",
        "locator" : "24:1-24:33",
        "localIdentifier" : "IMMZc",
        "path" : "http://fhir.org/guides/who/smart-immunization/IMMZConcepts"
      }, {
        "type" : "IncludeDef",
        "annotation" : [ {
          "s" : {
            "s" : [ {
              "name" : "{urn:hl7-org:cql-annotations:r1}s",
              "declaredType" : "org.hl7.cql_annotations.r1.Narrative",
              "scope" : "javax.xml.bind.JAXBElement$GlobalScope",
              "value" : {
                "s" : [ "", "include " ]
              },
              "nil" : false,
              "globalScope" : true,
              "typeSubstituted" : false
            }, {
              "name" : "{urn:hl7-org:cql-annotations:r1}s",
              "declaredType" : "org.hl7.cql_annotations.r1.Narrative",
              "scope" : "javax.xml.bind.JAXBElement$GlobalScope",
              "value" : {
                "s" : [ {
                  "name" : "{urn:hl7-org:cql-annotations:r1}s",
                  "declaredType" : "org.hl7.cql_annotations.r1.Narrative",
                  "scope" : "javax.xml.bind.JAXBElement$GlobalScope",
                  "value" : {
                    "s" : [ "IMMZConfig" ]
                  },
                  "nil" : false,
                  "globalScope" : true,
                  "typeSubstituted" : false
                } ]
              },
              "nil" : false,
              "globalScope" : true,
              "typeSubstituted" : false
            }, {
              "name" : "{urn:hl7-org:cql-annotations:r1}s",
              "declaredType" : "org.hl7.cql_annotations.r1.Narrative",
              "scope" : "javax.xml.bind.JAXBElement$GlobalScope",
              "value" : {
                "s" : [ " called ", "IMMZCon" ]
              },
              "nil" : false,
              "globalScope" : true,
              "typeSubstituted" : false
            } ],
            "r" : "5"
          }
        } ],
        "localId" : "5",
        "locator" : "25:1-25:33",
        "localIdentifier" : "IMMZCon",
        "path" : "http://fhir.org/guides/who/smart-immunization/IMMZConfig"
      }, {
        "type" : "IncludeDef",
        "annotation" : [ {
          "s" : {
            "s" : [ {
              "name" : "{urn:hl7-org:cql-annotations:r1}s",
              "declaredType" : "org.hl7.cql_annotations.r1.Narrative",
              "scope" : "javax.xml.bind.JAXBElement$GlobalScope",
              "value" : {
                "s" : [ "", "include " ]
              },
              "nil" : false,
              "globalScope" : true,
              "typeSubstituted" : false
            }, {
              "name" : "{urn:hl7-org:cql-annotations:r1}s",
              "declaredType" : "org.hl7.cql_annotations.r1.Narrative",
              "scope" : "javax.xml.bind.JAXBElement$GlobalScope",
              "value" : {
                "s" : [ {
                  "name" : "{urn:hl7-org:cql-annotations:r1}s",
                  "declaredType" : "org.hl7.cql_annotations.r1.Narrative",
                  "scope" : "javax.xml.bind.JAXBElement$GlobalScope",
                  "value" : {
                    "s" : [ "IMMZIndicatorCommon" ]
                  },
                  "nil" : false,
                  "globalScope" : true,
                  "typeSubstituted" : false
                } ]
              },
              "nil" : false,
              "globalScope" : true,
              "typeSubstituted" : false
            }, {
              "name" : "{urn:hl7-org:cql-annotations:r1}s",
              "declaredType" : "org.hl7.cql_annotations.r1.Narrative",
              "scope" : "javax.xml.bind.JAXBElement$GlobalScope",
              "value" : {
                "s" : [ " called ", "IMMZIndCom" ]
              },
              "nil" : false,
              "globalScope" : true,
              "typeSubstituted" : false
            } ],
            "r" : "6"
          }
        } ],
        "localId" : "6",
        "locator" : "26:1-26:45",
        "localIdentifier" : "IMMZIndCom",
        "path" : "http://fhir.org/guides/who/smart-immunization/IMMZIndicatorCommon"
      }, {
        "type" : "IncludeDef",
        "annotation" : [ {
          "s" : {
            "s" : [ {
              "name" : "{urn:hl7-org:cql-annotations:r1}s",
              "declaredType" : "org.hl7.cql_annotations.r1.Narrative",
              "scope" : "javax.xml.bind.JAXBElement$GlobalScope",
              "value" : {
                "s" : [ "", "include " ]
              },
              "nil" : false,
              "globalScope" : true,
              "typeSubstituted" : false
            }, {
              "name" : "{urn:hl7-org:cql-annotations:r1}s",
              "declaredType" : "org.hl7.cql_annotations.r1.Narrative",
              "scope" : "javax.xml.bind.JAXBElement$GlobalScope",
              "value" : {
                "s" : [ {
                  "name" : "{urn:hl7-org:cql-annotations:r1}s",
                  "declaredType" : "org.hl7.cql_annotations.r1.Narrative",
                  "scope" : "javax.xml.bind.JAXBElement$GlobalScope",
                  "value" : {
                    "s" : [ "IMMZVaccineLibrary" ]
                  },
                  "nil" : false,
                  "globalScope" : true,
                  "typeSubstituted" : false
                } ]
              },
              "nil" : false,
              "globalScope" : true,
              "typeSubstituted" : false
            }, {
              "name" : "{urn:hl7-org:cql-annotations:r1}s",
              "declaredType" : "org.hl7.cql_annotations.r1.Narrative",
              "scope" : "javax.xml.bind.JAXBElement$GlobalScope",
              "value" : {
                "s" : [ " called ", "IMMZvl" ]
              },
              "nil" : false,
              "globalScope" : true,
              "typeSubstituted" : false
            } ],
            "r" : "7"
          }
        } ],
        "localId" : "7",
        "locator" : "27:1-27:40",
        "localIdentifier" : "IMMZvl",
        "path" : "http://fhir.org/guides/who/smart-immunization/IMMZVaccineLibrary"
      }, {
        "type" : "IncludeDef",
        "annotation" : [ {
          "s" : {
            "s" : [ {
              "name" : "{urn:hl7-org:cql-annotations:r1}s",
              "declaredType" : "org.hl7.cql_annotations.r1.Narrative",
              "scope" : "javax.xml.bind.JAXBElement$GlobalScope",
              "value" : {
                "s" : [ "", "include " ]
              },
              "nil" : false,
              "globalScope" : true,
              "typeSubstituted" : false
            }, {
              "name" : "{urn:hl7-org:cql-annotations:r1}s",
              "declaredType" : "org.hl7.cql_annotations.r1.Narrative",
              "scope" : "javax.xml.bind.JAXBElement$GlobalScope",
              "value" : {
                "s" : [ {
                  "name" : "{urn:hl7-org:cql-annotations:r1}s",
                  "declaredType" : "org.hl7.cql_annotations.r1.Narrative",
                  "scope" : "javax.xml.bind.JAXBElement$GlobalScope",
                  "value" : {
                    "s" : [ "FHIRCommon" ]
                  },
                  "nil" : false,
                  "globalScope" : true,
                  "typeSubstituted" : false
                } ]
              },
              "nil" : false,
              "globalScope" : true,
              "typeSubstituted" : false
            }, {
              "name" : "{urn:hl7-org:cql-annotations:r1}s",
              "declaredType" : "org.hl7.cql_annotations.r1.Narrative",
              "scope" : "javax.xml.bind.JAXBElement$GlobalScope",
              "value" : {
                "s" : [ " called ", "FC" ]
              },
              "nil" : false,
              "globalScope" : true,
              "typeSubstituted" : false
            } ],
            "r" : "8"
          }
        } ],
        "localId" : "8",
        "locator" : "28:1-28:28",
        "localIdentifier" : "FC",
        "path" : "http://fhir.org/guides/who/smart-immunization/FHIRCommon"
      } ]
    },
    "parameters" : {
      "type" : "Library$Parameters",
      "def" : [ {
        "type" : "ParameterDef",
        "parameterTypeSpecifier" : {
          "type" : "IntervalTypeSpecifier",
          "pointType" : {
            "type" : "NamedTypeSpecifier",
            "localId" : "9",
            "locator" : "30:41-30:44",
            "name" : "{urn:hl7-org:elm-types:r1}Date"
          },
          "localId" : "10",
          "locator" : "30:32-30:45"
        },
        "annotation" : [ {
          "s" : {
            "s" : [ {
              "name" : "{urn:hl7-org:cql-annotations:r1}s",
              "declaredType" : "org.hl7.cql_annotations.r1.Narrative",
              "scope" : "javax.xml.bind.JAXBElement$GlobalScope",
              "value" : {
                "s" : [ "// End Skeleton CQL\n", "parameter ", "\"Measurement Period\"", " " ]
              },
              "nil" : false,
              "globalScope" : true,
              "typeSubstituted" : false
            }, {
              "name" : "{urn:hl7-org:cql-annotations:r1}s",
              "declaredType" : "org.hl7.cql_annotations.r1.Narrative",
              "scope" : "javax.xml.bind.JAXBElement$GlobalScope",
              "value" : {
                "s" : [ {
                  "name" : "{urn:hl7-org:cql-annotations:r1}s",
                  "declaredType" : "org.hl7.cql_annotations.r1.Narrative",
                  "scope" : "javax.xml.bind.JAXBElement$GlobalScope",
                  "value" : {
                    "s" : [ "Interval<" ]
                  },
                  "nil" : false,
                  "globalScope" : true,
                  "typeSubstituted" : false
                }, {
                  "name" : "{urn:hl7-org:cql-annotations:r1}s",
                  "declaredType" : "org.hl7.cql_annotations.r1.Narrative",
                  "scope" : "javax.xml.bind.JAXBElement$GlobalScope",
                  "value" : {
                    "s" : [ {
                      "name" : "{urn:hl7-org:cql-annotations:r1}s",
                      "declaredType" : "org.hl7.cql_annotations.r1.Narrative",
                      "scope" : "javax.xml.bind.JAXBElement$GlobalScope",
                      "value" : {
                        "s" : [ "Date" ]
                      },
                      "nil" : false,
                      "globalScope" : true,
                      "typeSubstituted" : false
                    } ],
                    "r" : "9"
                  },
                  "nil" : false,
                  "globalScope" : true,
                  "typeSubstituted" : false
                }, {
                  "name" : "{urn:hl7-org:cql-annotations:r1}s",
                  "declaredType" : "org.hl7.cql_annotations.r1.Narrative",
                  "scope" : "javax.xml.bind.JAXBElement$GlobalScope",
                  "value" : {
                    "s" : [ ">" ]
                  },
                  "nil" : false,
                  "globalScope" : true,
                  "typeSubstituted" : false
                } ],
                "r" : "10"
              },
              "nil" : false,
              "globalScope" : true,
              "typeSubstituted" : false
            } ],
            "r" : "11"
          }
        } ],
        "localId" : "11",
        "locator" : "30:1-30:45",
        "name" : "Measurement Period",
        "accessLevel" : "Public"
      } ]
    },
    "statements" : {
      "type" : "Library$Statements",
      "def" : [ {
        "type" : "ExpressionDef",
        "expression" : {
          "type" : "SingletonFrom",
          "operand" : {
            "type" : "Retrieve",
            "locator" : "32:1-32:15",
            "dataType" : "{http://hl7.org/fhir}Patient",
            "templateId" : "http://hl7.org/fhir/StructureDefinition/Patient"
          }
        },
        "locator" : "32:1-32:15",
        "name" : "Patient",
        "context" : "Patient"
      }, {
        "type" : "ExpressionDef",
        "expression" : {
          "type" : "Exists",
          "operand" : {
            "type" : "ExpressionRef",
            "localId" : "13",
            "locator" : "39:8-39:90",
            "name" : "Yellow Fever Doses Administered to Patient During Measurement Period",
            "libraryName" : "IMMZIndCom"
          },
          "localId" : "14",
          "locator" : "39:2-39:90"
        },
        "annotation" : [ {
          "s" : {
            "s" : [ {
              "name" : "{urn:hl7-org:cql-annotations:r1}s",
              "declaredType" : "org.hl7.cql_annotations.r1.Narrative",
              "scope" : "javax.xml.bind.JAXBElement$GlobalScope",
              "value" : {
                "s" : [ "/*\n * Numerator: Number of administrations of vaccines containing a yellow fever component during reporting period.\n * Numerator Computation: COUNT immunization events WHERE administered product is a Yellow Fever vaccine (IMMZ.A1.DE23) during reporting period\n */\n", "define ", "\"measure-population\"", ":\n\t" ]
              },
              "nil" : false,
              "globalScope" : true,
              "typeSubstituted" : false
            }, {
              "name" : "{urn:hl7-org:cql-annotations:r1}s",
              "declaredType" : "org.hl7.cql_annotations.r1.Narrative",
              "scope" : "javax.xml.bind.JAXBElement$GlobalScope",
              "value" : {
                "s" : [ {
                  "name" : "{urn:hl7-org:cql-annotations:r1}s",
                  "declaredType" : "org.hl7.cql_annotations.r1.Narrative",
                  "scope" : "javax.xml.bind.JAXBElement$GlobalScope",
                  "value" : {
                    "s" : [ "exists" ]
                  },
                  "nil" : false,
                  "globalScope" : true,
                  "typeSubstituted" : false
                }, {
                  "name" : "{urn:hl7-org:cql-annotations:r1}s",
                  "declaredType" : "org.hl7.cql_annotations.r1.Narrative",
                  "scope" : "javax.xml.bind.JAXBElement$GlobalScope",
                  "value" : {
                    "s" : [ {
                      "name" : "{urn:hl7-org:cql-annotations:r1}s",
                      "declaredType" : "org.hl7.cql_annotations.r1.Narrative",
                      "scope" : "javax.xml.bind.JAXBElement$GlobalScope",
                      "value" : {
                        "s" : [ "(" ]
                      },
                      "nil" : false,
                      "globalScope" : true,
                      "typeSubstituted" : false
                    }, {
                      "name" : "{urn:hl7-org:cql-annotations:r1}s",
                      "declaredType" : "org.hl7.cql_annotations.r1.Narrative",
                      "scope" : "javax.xml.bind.JAXBElement$GlobalScope",
                      "value" : {
                        "s" : [ {
                          "name" : "{urn:hl7-org:cql-annotations:r1}s",
                          "declaredType" : "org.hl7.cql_annotations.r1.Narrative",
                          "scope" : "javax.xml.bind.JAXBElement$GlobalScope",
                          "value" : {
                            "s" : [ {
                              "name" : "{urn:hl7-org:cql-annotations:r1}s",
                              "declaredType" : "org.hl7.cql_annotations.r1.Narrative",
                              "scope" : "javax.xml.bind.JAXBElement$GlobalScope",
                              "value" : {
                                "s" : [ "IMMZIndCom" ]
                              },
                              "nil" : false,
                              "globalScope" : true,
                              "typeSubstituted" : false
                            } ],
                            "r" : "12"
                          },
                          "nil" : false,
                          "globalScope" : true,
                          "typeSubstituted" : false
                        }, {
                          "name" : "{urn:hl7-org:cql-annotations:r1}s",
                          "declaredType" : "org.hl7.cql_annotations.r1.Narrative",
                          "scope" : "javax.xml.bind.JAXBElement$GlobalScope",
                          "value" : {
                            "s" : [ "." ]
                          },
                          "nil" : false,
                          "globalScope" : true,
                          "typeSubstituted" : false
                        }, {
                          "name" : "{urn:hl7-org:cql-annotations:r1}s",
                          "declaredType" : "org.hl7.cql_annotations.r1.Narrative",
                          "scope" : "javax.xml.bind.JAXBElement$GlobalScope",
                          "value" : {
                            "s" : [ {
                              "name" : "{urn:hl7-org:cql-annotations:r1}s",
                              "declaredType" : "org.hl7.cql_annotations.r1.Narrative",
                              "scope" : "javax.xml.bind.JAXBElement$GlobalScope",
                              "value" : {
                                "s" : [ "\"Yellow Fever Doses Administered to Patient During Measurement Period\"" ]
                              },
                              "nil" : false,
                              "globalScope" : true,
                              "typeSubstituted" : false
                            } ],
                            "r" : "13"
                          },
                          "nil" : false,
                          "globalScope" : true,
                          "typeSubstituted" : false
                        } ],
                        "r" : "13"
                      },
                      "nil" : false,
                      "globalScope" : true,
                      "typeSubstituted" : false
                    }, {
                      "name" : "{urn:hl7-org:cql-annotations:r1}s",
                      "declaredType" : "org.hl7.cql_annotations.r1.Narrative",
                      "scope" : "javax.xml.bind.JAXBElement$GlobalScope",
                      "value" : {
                        "s" : [ ")" ]
                      },
                      "nil" : false,
                      "globalScope" : true,
                      "typeSubstituted" : false
                    } ],
                    "r" : "13"
                  },
                  "nil" : false,
                  "globalScope" : true,
                  "typeSubstituted" : false
                } ],
                "r" : "14"
              },
              "nil" : false,
              "globalScope" : true,
              "typeSubstituted" : false
            } ],
            "r" : "15"
          }
        } ],
        "localId" : "15",
        "locator" : "38:1-39:90",
        "name" : "measure-population",
        "context" : "Patient",
        "accessLevel" : "Public"
      }, {
        "type" : "ExpressionDef",
        "expression" : {
          "type" : "ExpressionRef",
          "localId" : "17",
          "locator" : "45:2-45:45",
          "name" : "By Geographic Region Stratifier",
          "libraryName" : "IMMZIndCom"
        },
        "annotation" : [ {
          "s" : {
            "s" : [ {
              "name" : "{urn:hl7-org:cql-annotations:r1}s",
              "declaredType" : "org.hl7.cql_annotations.r1.Narrative",
              "scope" : "javax.xml.bind.JAXBElement$GlobalScope",
              "value" : {
                "s" : [ "// TODO: Write logic here \n\n/*\n * Disaggregator: Geographic Region\n */\n", "define ", "\"Geographic Region Stratifier\"", ":\n\t" ]
              },
              "nil" : false,
              "globalScope" : true,
              "typeSubstituted" : false
            }, {
              "name" : "{urn:hl7-org:cql-annotations:r1}s",
              "declaredType" : "org.hl7.cql_annotations.r1.Narrative",
              "scope" : "javax.xml.bind.JAXBElement$GlobalScope",
              "value" : {
                "s" : [ {
                  "name" : "{urn:hl7-org:cql-annotations:r1}s",
                  "declaredType" : "org.hl7.cql_annotations.r1.Narrative",
                  "scope" : "javax.xml.bind.JAXBElement$GlobalScope",
                  "value" : {
                    "s" : [ {
                      "name" : "{urn:hl7-org:cql-annotations:r1}s",
                      "declaredType" : "org.hl7.cql_annotations.r1.Narrative",
                      "scope" : "javax.xml.bind.JAXBElement$GlobalScope",
                      "value" : {
                        "s" : [ "IMMZIndCom" ]
                      },
                      "nil" : false,
                      "globalScope" : true,
                      "typeSubstituted" : false
                    } ],
                    "r" : "16"
                  },
                  "nil" : false,
                  "globalScope" : true,
                  "typeSubstituted" : false
                }, {
                  "name" : "{urn:hl7-org:cql-annotations:r1}s",
                  "declaredType" : "org.hl7.cql_annotations.r1.Narrative",
                  "scope" : "javax.xml.bind.JAXBElement$GlobalScope",
                  "value" : {
                    "s" : [ "." ]
                  },
                  "nil" : false,
                  "globalScope" : true,
                  "typeSubstituted" : false
                }, {
                  "name" : "{urn:hl7-org:cql-annotations:r1}s",
                  "declaredType" : "org.hl7.cql_annotations.r1.Narrative",
                  "scope" : "javax.xml.bind.JAXBElement$GlobalScope",
                  "value" : {
                    "s" : [ {
                      "name" : "{urn:hl7-org:cql-annotations:r1}s",
                      "declaredType" : "org.hl7.cql_annotations.r1.Narrative",
                      "scope" : "javax.xml.bind.JAXBElement$GlobalScope",
                      "value" : {
                        "s" : [ "\"By Geographic Region Stratifier\"" ]
                      },
                      "nil" : false,
                      "globalScope" : true,
                      "typeSubstituted" : false
                    } ],
                    "r" : "17"
                  },
                  "nil" : false,
                  "globalScope" : true,
                  "typeSubstituted" : false
                } ],
                "r" : "17"
              },
              "nil" : false,
              "globalScope" : true,
              "typeSubstituted" : false
            } ],
            "r" : "18"
          }
        } ],
        "localId" : "18",
        "locator" : "44:1-45:45",
        "name" : "Geographic Region Stratifier",
        "context" : "Patient",
        "accessLevel" : "Public"
      }, {
        "type" : "ExpressionDef",
        "expression" : {
          "type" : "ExpressionRef",
          "localId" : "20",
          "locator" : "51:2-51:49",
          "name" : "By Administrative Gender Stratifier",
          "libraryName" : "IMMZIndCom"
        },
        "annotation" : [ {
          "s" : {
            "s" : [ {
              "name" : "{urn:hl7-org:cql-annotations:r1}s",
              "declaredType" : "org.hl7.cql_annotations.r1.Narrative",
              "scope" : "javax.xml.bind.JAXBElement$GlobalScope",
              "value" : {
                "s" : [ "// todo: fill in logic\n\n/*\n * Disaggregator: Administrative Gender (or Biological Sex)\n */\n", "define ", "\"Administrative Gender Stratifier\"", ":\n\t" ]
              },
              "nil" : false,
              "globalScope" : true,
              "typeSubstituted" : false
            }, {
              "name" : "{urn:hl7-org:cql-annotations:r1}s",
              "declaredType" : "org.hl7.cql_annotations.r1.Narrative",
              "scope" : "javax.xml.bind.JAXBElement$GlobalScope",
              "value" : {
                "s" : [ {
                  "name" : "{urn:hl7-org:cql-annotations:r1}s",
                  "declaredType" : "org.hl7.cql_annotations.r1.Narrative",
                  "scope" : "javax.xml.bind.JAXBElement$GlobalScope",
                  "value" : {
                    "s" : [ {
                      "name" : "{urn:hl7-org:cql-annotations:r1}s",
                      "declaredType" : "org.hl7.cql_annotations.r1.Narrative",
                      "scope" : "javax.xml.bind.JAXBElement$GlobalScope",
                      "value" : {
                        "s" : [ "IMMZIndCom" ]
                      },
                      "nil" : false,
                      "globalScope" : true,
                      "typeSubstituted" : false
                    } ],
                    "r" : "19"
                  },
                  "nil" : false,
                  "globalScope" : true,
                  "typeSubstituted" : false
                }, {
                  "name" : "{urn:hl7-org:cql-annotations:r1}s",
                  "declaredType" : "org.hl7.cql_annotations.r1.Narrative",
                  "scope" : "javax.xml.bind.JAXBElement$GlobalScope",
                  "value" : {
                    "s" : [ "." ]
                  },
                  "nil" : false,
                  "globalScope" : true,
                  "typeSubstituted" : false
                }, {
                  "name" : "{urn:hl7-org:cql-annotations:r1}s",
                  "declaredType" : "org.hl7.cql_annotations.r1.Narrative",
                  "scope" : "javax.xml.bind.JAXBElement$GlobalScope",
                  "value" : {
                    "s" : [ {
                      "name" : "{urn:hl7-org:cql-annotations:r1}s",
                      "declaredType" : "org.hl7.cql_annotations.r1.Narrative",
                      "scope" : "javax.xml.bind.JAXBElement$GlobalScope",
                      "value" : {
                        "s" : [ "\"By Administrative Gender Stratifier\"" ]
                      },
                      "nil" : false,
                      "globalScope" : true,
                      "typeSubstituted" : false
                    } ],
                    "r" : "20"
                  },
                  "nil" : false,
                  "globalScope" : true,
                  "typeSubstituted" : false
                } ],
                "r" : "20"
              },
              "nil" : false,
              "globalScope" : true,
              "typeSubstituted" : false
            } ],
            "r" : "21"
          }
        } ],
        "localId" : "21",
        "locator" : "50:1-51:49",
        "name" : "Administrative Gender Stratifier",
        "context" : "Patient",
        "accessLevel" : "Public"
      } ]
    },
    "annotation" : [ {
      "translatorVersion" : "1.4",
      "translatorOptions" : "EnableAnnotations,EnableLocators,DisableListDemotion,DisableListPromotion"
    }, {
      "s" : {
        "s" : [ {
          "name" : "{urn:hl7-org:cql-annotations:r1}s",
          "declaredType" : "org.hl7.cql_annotations.r1.Narrative",
          "scope" : "javax.xml.bind.JAXBElement$GlobalScope",
          "value" : {
            "s" : [ "/*\n * Library: IMMZ.IND.19\n * Immunization coverage for Yellow Fever vaccine (Estimated Denominator) \n * Compares the administered dose of yellow fever vaccine with the number of surviving infants.\n * \n * Numerator: Number of administrations of vaccines containing a yellow fever component during reporting period. \n * Numerator Computation: COUNT immunization events WHERE administered product is a Yellow Fever vaccine (IMMZ.A1.DE23) during reporting period\n * Denominator: Number of surviving infants \n * Denominator Computation: PARAMETER number of surviving infants\n * \n * Disaggregation:\n *   - Geographic Region\n *   - Administrative Gender (or Biological Sex)\n * \n * References: WHO / UNICEF Joint Reporting Form (3 - element 4270)\n */\n", "library IMMZIND19" ]
          },
          "nil" : false,
          "globalScope" : true,
          "typeSubstituted" : false
        } ],
        "r" : "21"
      }
    } ]
  }
}