<?xml version="1.0" encoding="UTF-8"?>
<library xmlns="urn:hl7-org:elm:r1" xmlns:t="urn:hl7-org:elm-types:r1" xmlns:xsi="http://www.w3.org/2001/XMLSchema-instance" xmlns:xsd="http://www.w3.org/2001/XMLSchema" xmlns:fhir="http://hl7.org/fhir" xmlns:qdm43="urn:healthit-gov:qdm:v4_3" xmlns:qdm53="urn:healthit-gov:qdm:v5_3" xmlns:a="urn:hl7-org:cql-annotations:r1">
   <annotation translatorVersion="1.3" translatorOptions="EnableAnnotations,EnableLocators,DisableListDemotion,DisableListPromotion" xsi:type="a:CqlToElmInfo"/>
   <annotation xsi:type="a:Annotation">
      <a:s r="30">
         <a:s>/*
 * Library: IMMZS01 (IMMZ.S.01.BCG)
 * Rule: If child or person has not been vaccinated, give BCG vaccine as soon as possible after birth 
 * Trigger: Patient has never had BCG vaccination
 */library IMMZS01</a:s>
      </a:s>
   </annotation>
   <identifier id="IMMZS01" system="http://fhir.org/guides/who/smart-immunization"/>
   <schemaIdentifier id="urn:hl7-org:elm" version="r1"/>
   <usings>
      <def localIdentifier="System" uri="urn:hl7-org:elm-types:r1"/>
      <def localId="1" locator="8:1-8:26" localIdentifier="FHIR" uri="http://hl7.org/fhir" version="4.0.1">
         <annotation xsi:type="a:Annotation">
            <a:s r="1">
               <a:s>// Start Skeleton CQLusing </a:s>
               <a:s>
                  <a:s>FHIR</a:s>
               </a:s>
               <a:s> version '4.0.1'</a:s>
            </a:s>
         </annotation>
      </def>
   </usings>
   <includes>
      <def localId="2" locator="9:1-9:35" localIdentifier="FHIRHelpers" path="http://fhir.org/guides/who/smart-immunization/FHIRHelpers" version="4.0.1">
         <annotation xsi:type="a:Annotation">
            <a:s r="2">
               <a:s>include </a:s>
               <a:s>
                  <a:s>FHIRHelpers</a:s>
               </a:s>
               <a:s> version '4.0.1'</a:s>
            </a:s>
         </annotation>
      </def>
      <def localId="3" locator="10:1-10:33" localIdentifier="IMMZCom" path="http://fhir.org/guides/who/smart-immunization/IMMZCommon">
         <annotation xsi:type="a:Annotation">
            <a:s r="3">
               <a:s>include </a:s>
               <a:s>
                  <a:s>IMMZCommon</a:s>
               </a:s>
               <a:s> called IMMZCom</a:s>
            </a:s>
         </annotation>
      </def>
      <def localId="4" locator="11:1-11:33" localIdentifier="IMMZc" path="http://fhir.org/guides/who/smart-immunization/IMMZConcepts">
         <annotation xsi:type="a:Annotation">
            <a:s r="4">
               <a:s>include </a:s>
               <a:s>
                  <a:s>IMMZConcepts</a:s>
               </a:s>
               <a:s> called IMMZc</a:s>
            </a:s>
         </annotation>
      </def>
      <def localId="5" locator="12:1-12:40" localIdentifier="IMMZvl" path="http://fhir.org/guides/who/smart-immunization/IMMZVaccineLibrary">
         <annotation xsi:type="a:Annotation">
            <a:s r="5">
               <a:s>include </a:s>
               <a:s>
                  <a:s>IMMZVaccineLibrary</a:s>
               </a:s>
               <a:s> called IMMZvl</a:s>
            </a:s>
         </annotation>
      </def>
      <def localId="6" locator="13:1-13:34" localIdentifier="IMMZConf" path="http://fhir.org/guides/who/smart-immunization/IMMZConfig">
         <annotation xsi:type="a:Annotation">
            <a:s r="6">
               <a:s>include </a:s>
               <a:s>
                  <a:s>IMMZConfig</a:s>
               </a:s>
               <a:s> called IMMZConf</a:s>
            </a:s>
         </annotation>
      </def>
   </includes>
   <statements>
      <def locator="15:1-15:15" name="Patient" context="Patient">
         <expression xsi:type="SingletonFrom">
            <operand locator="15:1-15:15" dataType="fhir:Patient" templateId="http://hl7.org/fhir/StructureDefinition/Patient" xsi:type="Retrieve"/>
         </expression>
      </def>
      <def localId="30" locator="29:1-33:86" name="Provision of the BCG dose" context="Patient" accessLevel="Public">
         <annotation xsi:type="a:Annotation">
            <a:s r="30">
               <a:s>/*
 * Rule: Provision of the BCG dose
 * Create Condition:
 *   - BCG dose should be provided if the patient has not received any BCG doses, and is in a High incidence of TB and/or high leprosy burden, and TST-negative and IGRA-negative
 * 
 * Completion:
 *   - &quot;BCG Dose 1 provided&quot; = TRUE
 *
 * References:
 * 	- WHO recommendations for routine immunization - summary tables: https://www.who.int/teams/immunization-vaccines-and-biologicals/policies/who-recommendations-for-routine-immunization---summary-tables
 * 	 
 */define &quot;Provision of the BCG dose&quot;:
	</a:s>
               <a:s r="29">
                  <a:s r="21">
                     <a:s r="13">
                        <a:s r="8">
                           <a:s r="7">
                              <a:s>IMMZCom</a:s>
                           </a:s>
                           <a:s>.</a:s>
                           <a:s r="8">
                              <a:s>&quot;No BCG Doses Administered to Patient&quot;</a:s>
                           </a:s>
                        </a:s>
                        <a:s> and
		</a:s>
                        <a:s r="12">
                           <a:s r="10">
                              <a:s r="9">
                                 <a:s>IMMZConf</a:s>
                              </a:s>
                              <a:s>.</a:s>
                              <a:s r="10">
                                 <a:s>&quot;High incidence of TB and/or high leprosy burden&quot;</a:s>
                              </a:s>
                           </a:s>
                           <a:s r="11"> = true</a:s>
                        </a:s>
                     </a:s>
                     <a:s> and 
		</a:s>
                     <a:s r="20">
                        <a:s>Coalesce(</a:s>
                        <a:s r="18">
                           <a:s>(</a:s>
                           <a:s r="18">
                              <a:s r="15">
                                 <a:s r="14">
                                    <a:s>IMMZCom</a:s>
                                 </a:s>
                                 <a:s>.</a:s>
                                 <a:s r="15">
                                    <a:s>&quot;Most Recent TST Test Result&quot;</a:s>
                                 </a:s>
                              </a:s>
                              <a:s> in </a:s>
                              <a:s r="17">
                                 <a:s r="16">
                                    <a:s>IMMZc</a:s>
                                 </a:s>
                                 <a:s>.</a:s>
                                 <a:s r="17">
                                    <a:s>&quot;Negative Result&quot;</a:s>
                                 </a:s>
                              </a:s>
                           </a:s>
                           <a:s>)</a:s>
                        </a:s>
                        <a:s r="19">, false)</a:s>
                     </a:s>
                  </a:s>
                  <a:s> and 
		</a:s>
                  <a:s r="28">
                     <a:s>Coalesce(</a:s>
                     <a:s r="26">
                        <a:s>(</a:s>
                        <a:s r="26">
                           <a:s r="23">
                              <a:s r="22">
                                 <a:s>IMMZCom</a:s>
                              </a:s>
                              <a:s>.</a:s>
                              <a:s r="23">
                                 <a:s>&quot;Most Recent IGRA Test Result&quot;</a:s>
                              </a:s>
                           </a:s>
                           <a:s> in </a:s>
                           <a:s r="25">
                              <a:s r="24">
                                 <a:s>IMMZc</a:s>
                              </a:s>
                              <a:s>.</a:s>
                              <a:s r="25">
                                 <a:s>&quot;Negative Result&quot;</a:s>
                              </a:s>
                           </a:s>
                        </a:s>
                        <a:s>)</a:s>
                     </a:s>
                     <a:s r="27">, false)</a:s>
                  </a:s>
               </a:s>
            </a:s>
         </annotation>
         <expression localId="29" locator="30:2-33:86" xsi:type="And">
            <operand localId="21" locator="30:2-32:85" xsi:type="And">
               <operand localId="13" locator="30:2-31:67" xsi:type="And">
                  <operand localId="8" locator="30:2-30:47" name="No BCG Doses Administered to Patient" libraryName="IMMZCom" xsi:type="ExpressionRef"/>
                  <operand localId="12" locator="31:3-31:67" xsi:type="Equal">
                     <operand localId="10" locator="31:3-31:60" name="High incidence of TB and/or high leprosy burden" libraryName="IMMZConf" xsi:type="ExpressionRef"/>
                     <operand localId="11" locator="31:64-31:67" valueType="t:Boolean" value="true" xsi:type="Literal"/>
                  </operand>
               </operand>
               <operand localId="20" locator="32:3-32:85" xsi:type="Coalesce">
                  <operand localId="18" locator="32:12-32:77" xsi:type="InValueSet">
                     <code name="ToConcept" libraryName="FHIRHelpers" xsi:type="FunctionRef">
                        <operand localId="15" locator="32:13-32:49" name="Most Recent TST Test Result" libraryName="IMMZCom" xsi:type="ExpressionRef"/>
                     </code>
                     <valueset localId="17" locator="32:54-32:76" name="Negative Result" libraryName="IMMZc"/>
                  </operand>
                  <operand localId="19" locator="32:80-32:84" valueType="t:Boolean" value="false" xsi:type="Literal"/>
               </operand>
            </operand>
            <operand localId="28" locator="33:3-33:86" xsi:type="Coalesce">
               <operand localId="26" locator="33:12-33:78" xsi:type="InValueSet">
                  <code name="ToConcept" libraryName="FHIRHelpers" xsi:type="FunctionRef">
                     <operand localId="23" locator="33:13-33:50" name="Most Recent IGRA Test Result" libraryName="IMMZCom" xsi:type="ExpressionRef"/>
                  </code>
                  <valueset localId="25" locator="33:55-33:77" name="Negative Result" libraryName="IMMZc"/>
               </operand>
               <operand localId="27" locator="33:81-33:85" valueType="t:Boolean" value="false" xsi:type="Literal"/>
            </operand>
         </expression>
      </def>
   </statements>
</library>
