<?xml version="1.0" encoding="UTF-8"?>

<ValueSet xmlns="http://hl7.org/fhir">
  <id value="TCVClassTyphoidVaccine-values"/>
  <text>
    <status value="generated"/><div xmlns="http://www.w3.org/1999/xhtml"><ul><li>Include these codes as defined in <a href="http://terminology.hl7.org/5.0.0/CodeSystem-CVX.html"><code>http://hl7.org/fhir/sid/cvx</code></a><table class="none"><tr><td style="white-space:nowrap"><b>Code</b></td><td><b>Display</b></td></tr><tr><td>190</td><td>Typhoid conjugate vaccine (non-US)</td></tr></table></li></ul></div>
  </text>
  <url value="http://fhir.org/guides/who/smart-immunization/ValueSet/TCVClassTyphoidVaccine-values"/>
  <version value="0.1.0"/>
  <name value="TCVClassTyphoidVaccinevalues"/>
  <title value="TCV Class Typhoid Vaccine values"/>
  <status value="draft"/>
  <experimental value="false"/>
  <date value="2023-08-09T14:35:53+00:00"/>
  <publisher value="World Health Organization (WHO)"/>
  <description value="Codes representing ViPS Class Typhoid Vaccine values"/>
  <jurisdiction>
    <coding>
      <system value="http://unstats.un.org/unsd/methods/m49/m49.htm"/>
      <code value="001"/>
    </coding>
  </jurisdiction>
  <immutable value="true"/>
  <compose>
    <include>
      <system value="http://hl7.org/fhir/sid/cvx"/>
      <concept>
        <code value="190"/>
        <display value="Typhoid conjugate vaccine (non-US)"/>
      </concept>
    </include>
  </compose>
</ValueSet>